"tweet_id","username","name","first_name","last_name","full_text","view_count","bookmark_count","favorite_count","reply_count","retweet_count","quote_count","bookmarked","favorited","retweeted","user_mentions","url_mentions","is_quote_status","lang","location","bio","website","websites","followers_count","following_count","media_count","statuses_count","favourites_count","listed_count","fast_followers_count","normal_followers_count","followed_by","following","can_dm","can_media_tag","profile_banner_url","profile_url","avatar_url","verified","is_blue_verified","user_created_at","created_at"
"1778979749953466480","udayasjbrana","Udaya Shumsher Rana","Udaya","Shumsher Rana","नयाँ बर्ष २०८१ को सबैमा हार्दिक शुभकामना ! https://t.co/e9sbPDfwvS","6499",0,134,19,4,1,false,false,false,"","",false,"ne","Lalitpur, Nepal","Member of Federal Parliament; CWC Member Nepali Congress; Former Minister of State for Finance;
Former President Nepal Tarun Dal","","",23388,773,1351,3555,11080,36,0,23388,,,false,true,"https://pbs.twimg.com/profile_banners/2950355160/1512623843","https://www.twitter.com/udayasjbrana","https://pbs.twimg.com/profile_images/914143428862124033/zxV1nN7X_normal.jpg",false,true,"12/29/2014, 8:27:55 PM","4/13/2024, 8:38:18 AM"
"1778750638240965017","udayasjbrana","Udaya Shumsher Rana","Udaya","Shumsher Rana","RT @bishodip: जेष्ठ १० गते १० महिना अगाडि संसदमा संसदिय छानबिन समिती बनाउन येसरी अल्टिमेटम दिएका रेछन। अहिले आफू बिरुद्द पनि यहि कुरा लागू…",0,0,0,0,48,0,false,false,false,"bishodip","",false,"ne","Lalitpur, Nepal","Member of Federal Parliament; CWC Member Nepali Congress; Former Minister of State for Finance;
Former President Nepal Tarun Dal","","",23388,773,1351,3555,11080,36,0,23388,,,false,true,"https://pbs.twimg.com/profile_banners/2950355160/1512623843","https://www.twitter.com/udayasjbrana","https://pbs.twimg.com/profile_images/914143428862124033/zxV1nN7X_normal.jpg",false,true,"12/29/2014, 8:27:55 PM","4/12/2024, 5:27:54 PM"
"1778738188124910052","udayasjbrana","Udaya Shumsher Rana","Udaya","Shumsher Rana","महाङ्गाल गाउपालिका युवा तथा खेलकुद विकास समितिद्वारा आयाेजित वडा स्तरीय आमन्त्रण पुरूष भलिबल, ललितपुर गा.पा स्तरीय ब्याडमिन्टन, ललितपुर महाङ्गाल गाउपालिका मा.वि स्तरीय चेस र ललितपुर जिल्ला ब्यापी  तेक्वान्दो प्रतियाेगिताकाे समापन समारोह २०८० । https://t.co/KSj7EUJzqh","697",0,8,0,1,0,false,false,false,"","",false,"ne","Lalitpur, Nepal","Member of Federal Parliament; CWC Member Nepali Congress; Former Minister of State for Finance;
Former President Nepal Tarun Dal","","",23388,773,1351,3555,11080,36,0,23388,,,false,true,"https://pbs.twimg.com/profile_banners/2950355160/1512623843","https://www.twitter.com/udayasjbrana","https://pbs.twimg.com/profile_images/914143428862124033/zxV1nN7X_normal.jpg",false,true,"12/29/2014, 8:27:55 PM","4/12/2024, 4:38:26 PM"
"1778295091024580706","udayasjbrana","Udaya Shumsher Rana","Udaya","Shumsher Rana","https://t.co/Dpw4DZNgei","627",0,16,2,0,0,false,false,false,"","",false,"zxx","Lalitpur, Nepal","Member of Federal Parliament; CWC Member Nepali Congress; Former Minister of State for Finance;
Former President Nepal Tarun Dal","","",23388,773,1351,3555,11080,36,0,23388,,,false,true,"https://pbs.twimg.com/profile_banners/2950355160/1512623843","https://www.twitter.com/udayasjbrana","https://pbs.twimg.com/profile_images/914143428862124033/zxV1nN7X_normal.jpg",false,true,"12/29/2014, 8:27:55 PM","4/11/2024, 11:17:43 AM"
"1777613435808981183","udayasjbrana","Udaya Shumsher Rana","Udaya","Shumsher Rana","२०४६ चैत २६ गते दोश्रो जन आन्दोलन सफल भएको दिनको सम्झनामा नेविसंघ काठमाडौंले हिजो शान्तिबाटिकामा आयोजना गरेको दीप प्रज्वलन कार्यक्रममा सहभागी भए । लौहपुरुष एवम् जन आन्दोलनका सर्वोच्च कमान्डर गणेशमान सिंह, किसुनजी लगायतका हाम्रा श्रद्धेय नेताहरुलाई सम्झियौं । धेरैको आरोप सुनिन्छ,… https://t.co/O47GSawvYL","1107",0,26,2,3,0,false,false,false,"","",false,"ne","Lalitpur, Nepal","Member of Federal Parliament; CWC Member Nepali Congress; Former Minister of State for Finance;
Former President Nepal Tarun Dal","","",23388,773,1351,3555,11080,36,0,23388,,,false,true,"https://pbs.twimg.com/profile_banners/2950355160/1512623843","https://www.twitter.com/udayasjbrana","https://pbs.twimg.com/profile_images/914143428862124033/zxV1nN7X_normal.jpg",false,true,"12/29/2014, 8:27:55 PM","4/9/2024, 2:09:04 PM"
"1776274424175751475","udayasjbrana","Udaya Shumsher Rana","Udaya","Shumsher Rana","ललितपुर जिल्ला गोदावरी नगरपालिका र रीड नेपालको सहयोगमा गोदावरी सामुदायिक पुस्तकालय स्रोत केन्द्रद्वारा आयोजित २ दिने पुस्तकालय व्यवस्थापन तालिमकाे समापन कार्यक्रम।
#Godawari
#southlalitpur https://t.co/zpTxFbgtzy","387",0,4,0,0,0,false,false,false,"","",false,"ne","Lalitpur, Nepal","Member of Federal Parliament; CWC Member Nepali Congress; Former Minister of State for Finance;
Former President Nepal Tarun Dal","","",23388,773,1351,3555,11080,36,0,23388,,,false,true,"https://pbs.twimg.com/profile_banners/2950355160/1512623843","https://www.twitter.com/udayasjbrana","https://pbs.twimg.com/profile_images/914143428862124033/zxV1nN7X_normal.jpg",false,true,"12/29/2014, 8:27:55 PM","4/5/2024, 9:28:18 PM"
"1776072251844276700","udayasjbrana","Udaya Shumsher Rana","Udaya","Shumsher Rana","RT @Himal_Khabar: वाइडबडी खरीद प्रकरणमा अख्तियारले मुद्दा दर्ता गर्दा प्रेमकुमार राईलाई भने जोगाएको छ, जो अहिले अख्तियारका प्रमुख छन्।

✍️…",0,0,0,0,17,0,false,false,false,"Himal_Khabar","",false,"ne","Lalitpur, Nepal","Member of Federal Parliament; CWC Member Nepali Congress; Former Minister of State for Finance;
Former President Nepal Tarun Dal","","",23388,773,1351,3555,11080,36,0,23388,,,false,true,"https://pbs.twimg.com/profile_banners/2950355160/1512623843","https://www.twitter.com/udayasjbrana","https://pbs.twimg.com/profile_images/914143428862124033/zxV1nN7X_normal.jpg",false,true,"12/29/2014, 8:27:55 PM","4/5/2024, 8:04:57 AM"
"1776069278577610953","udayasjbrana","Udaya Shumsher Rana","Udaya","Shumsher Rana","वैशाष १५ गते हुने उप निर्वाचनमा  @NepaliCongress काे तर्फबाट उम्मेद्ववार हुनु भएका इलाम-२ का लागि श्री डम्वर बहादुर खड्का र बझाङ प्रदेश सभा १(क) का लागि श्री अभिषेक वहादुर सिंङलाई हार्दिक बधाईका साथै उहाँहरू दुबैलाई विजयको लागि हार्दिक शुभकामना !
 जयनेपाल !!
#NepaliCongress… https://t.co/IQE7NMsOUf","1777",0,27,2,5,1,false,false,false,"NepaliCongress","",false,"ne","Lalitpur, Nepal","Member of Federal Parliament; CWC Member Nepali Congress; Former Minister of State for Finance;
Former President Nepal Tarun Dal","","",23388,773,1351,3555,11080,36,0,23388,,,false,true,"https://pbs.twimg.com/profile_banners/2950355160/1512623843","https://www.twitter.com/udayasjbrana","https://pbs.twimg.com/profile_images/914143428862124033/zxV1nN7X_normal.jpg",false,true,"12/29/2014, 8:27:55 PM","4/5/2024, 7:53:08 AM"
"1775569376890011829","udayasjbrana","Udaya Shumsher Rana","Udaya","Shumsher Rana","RT @bishwaprakash77: मित्र @hamrorabi यहाँले त राजिनामानै माग्नुभएको रहेछ, हामी माग्दैछैनौं / माग्दैनौं l आरोपित मन्त्रीले राजीनामा नदिए `…",0,0,0,0,160,0,false,false,false,"bishwaprakash77; hamrorabi","",true,"ne","Lalitpur, Nepal","Member of Federal Parliament; CWC Member Nepali Congress; Former Minister of State for Finance;
Former President Nepal Tarun Dal","","",23388,773,1351,3555,11080,36,0,23388,,,false,true,"https://pbs.twimg.com/profile_banners/2950355160/1512623843","https://www.twitter.com/udayasjbrana","https://pbs.twimg.com/profile_images/914143428862124033/zxV1nN7X_normal.jpg",false,true,"12/29/2014, 8:27:55 PM","4/3/2024, 10:46:42 PM"
"1774079487858331820","udayasjbrana","Udaya Shumsher Rana","Udaya","Shumsher Rana","नेपाल निजामती कर्मचारी युनियन केन्द्रिय कार्यसमितिद्वारा आयाेजित वनभाेज कार्यक्रममा-२०८० https://t.co/QbAo83v5jJ","523",0,8,1,0,0,false,false,false,"","",false,"ne","Lalitpur, Nepal","Member of Federal Parliament; CWC Member Nepali Congress; Former Minister of State for Finance;
Former President Nepal Tarun Dal","","",23388,773,1351,3555,11080,36,0,23388,,,false,true,"https://pbs.twimg.com/profile_banners/2950355160/1512623843","https://www.twitter.com/udayasjbrana","https://pbs.twimg.com/profile_images/914143428862124033/zxV1nN7X_normal.jpg",false,true,"12/29/2014, 8:27:55 PM","3/30/2024, 8:06:25 PM"
"1771753598642204725","udayasjbrana","Udaya Shumsher Rana","Udaya","Shumsher Rana","RT @AcharyaSarmila: देशभरिका सहकारी लुट्ने अनि बहस गगन थापासंग गर्ने रे ?
सहकारी पीडितसंग बहस गर्ने हिम्मत छ ?",0,0,0,0,14,0,false,false,false,"AcharyaSarmila","",false,"ne","Lalitpur, Nepal","Member of Federal Parliament; CWC Member Nepali Congress; Former Minister of State for Finance;
Former President Nepal Tarun Dal","","",23388,773,1351,3555,11080,36,0,23388,,,false,true,"https://pbs.twimg.com/profile_banners/2950355160/1512623843","https://www.twitter.com/udayasjbrana","https://pbs.twimg.com/profile_images/914143428862124033/zxV1nN7X_normal.jpg",false,true,"12/29/2014, 8:27:55 PM","3/24/2024, 10:04:10 AM"
"1771735937711800491","udayasjbrana","Udaya Shumsher Rana","Udaya","Shumsher Rana","https://t.co/WZU2elH8d6","905",0,28,7,1,0,false,false,false,"","",false,"zxx","Lalitpur, Nepal","Member of Federal Parliament; CWC Member Nepali Congress; Former Minister of State for Finance;
Former President Nepal Tarun Dal","","",23388,773,1351,3555,11080,36,0,23388,,,false,true,"https://pbs.twimg.com/profile_banners/2950355160/1512623843","https://www.twitter.com/udayasjbrana","https://pbs.twimg.com/profile_images/914143428862124033/zxV1nN7X_normal.jpg",false,true,"12/29/2014, 8:27:55 PM","3/24/2024, 8:53:59 AM"
"1771552600305152505","udayasjbrana","Udaya Shumsher Rana","Udaya","Shumsher Rana","LDS Charities काे आर्थिक सहयोगमा CHOICE HUMANITARIAN NEPAL, वागमती गाउँपालिका र स्थानीय समुदायको सहकार्यमा वागमती-२ माल्टा फाँटमा छहरेखाेला पधेराेखाेला चिसापानी खानेपानी याेजना अन्तर्गत एक घर एक धारा खानेपानी परियाेजना निर्माण सम्पन्न भएको छ । यस परियाेजनाबाट त्यस क्षेत्रका १९५… https://t.co/MLhRJIWp49","380",0,3,1,1,0,false,false,false,"","",false,"ne","Lalitpur, Nepal","Member of Federal Parliament; CWC Member Nepali Congress; Former Minister of State for Finance;
Former President Nepal Tarun Dal","","",23388,773,1351,3555,11080,36,0,23388,,,false,true,"https://pbs.twimg.com/profile_banners/2950355160/1512623843","https://www.twitter.com/udayasjbrana","https://pbs.twimg.com/profile_images/914143428862124033/zxV1nN7X_normal.jpg",false,true,"12/29/2014, 8:27:55 PM","3/23/2024, 8:45:28 PM"
"1771375720612434065","udayasjbrana","Udaya Shumsher Rana","Udaya","Shumsher Rana","बागमतीको माल्टामा ‘एक घर एक धारा’ योजना सम्पन्न

https://t.co/f8WqlRlY15","402",0,6,1,1,0,false,false,false,"","https://www.mediasanchar.com/11780/tbl_post/news",false,"ne","Lalitpur, Nepal","Member of Federal Parliament; CWC Member Nepali Congress; Former Minister of State for Finance;
Former President Nepal Tarun Dal","","",23388,773,1351,3555,11080,36,0,23388,,,false,true,"https://pbs.twimg.com/profile_banners/2950355160/1512623843","https://www.twitter.com/udayasjbrana","https://pbs.twimg.com/profile_images/914143428862124033/zxV1nN7X_normal.jpg",false,true,"12/29/2014, 8:27:55 PM","3/23/2024, 9:02:37 AM"
"1770619908864581826","udayasjbrana","Udaya Shumsher Rana","Udaya","Shumsher Rana","विनियोजन विधेयकको सिद्धान्त र प्राथमिकता विषयकाे छलफलमा भाग लिँदै https://t.co/LeDIhP6NfY","1323",0,14,2,2,0,false,false,false,"","",false,"ne","Lalitpur, Nepal","Member of Federal Parliament; CWC Member Nepali Congress; Former Minister of State for Finance;
Former President Nepal Tarun Dal","","",23388,773,1351,3555,11080,36,0,23388,,,false,true,"https://pbs.twimg.com/profile_banners/2950355160/1512623843","https://www.twitter.com/udayasjbrana","https://pbs.twimg.com/profile_images/914143428862124033/zxV1nN7X_normal.jpg",false,true,"12/29/2014, 8:27:55 PM","3/21/2024, 6:59:17 AM"
"1770429852031828307","udayasjbrana","Udaya Shumsher Rana","Udaya","Shumsher Rana","Nepalis caught in the #UkraineRussiaWar are still waiting for their government to bring them home. I request the government to take following steps:
1. Write to the UNSG and relevant international bodies, to appeal to both #Ukraine and #Russia to release Nepali citizens who have… https://t.co/WiN4p3wEHw","685",0,7,1,3,0,false,false,false,"","",false,"en","Lalitpur, Nepal","Member of Federal Parliament; CWC Member Nepali Congress; Former Minister of State for Finance;
Former President Nepal Tarun Dal","","",23388,773,1351,3555,11080,36,0,23388,,,false,true,"https://pbs.twimg.com/profile_banners/2950355160/1512623843","https://www.twitter.com/udayasjbrana","https://pbs.twimg.com/profile_images/914143428862124033/zxV1nN7X_normal.jpg",false,true,"12/29/2014, 8:27:55 PM","3/20/2024, 6:24:04 PM"
"1770360969455374784","udayasjbrana","Udaya Shumsher Rana","Udaya","Shumsher Rana","RT @ekantipur_com: 'सहकारीमा के भयो भने निष्पक्ष छानबिन नगरेसम्म अर्थतन्त्र चलायमान हुन अप्ठ्यारो हुन्छ'
https://t.co/0SlGIUjHlG",0,0,0,0,3,0,false,false,false,"ekantipur_com","https://ekantipur.com/news/2024/03/20/the-economy-will-not-run-until-cooperatives-are-investigated-fairly-mp-jabra-30-47.html",false,"ne","Lalitpur, Nepal","Member of Federal Parliament; CWC Member Nepali Congress; Former Minister of State for Finance;
Former President Nepal Tarun Dal","","",23388,773,1351,3555,11080,36,0,23388,,,false,true,"https://pbs.twimg.com/profile_banners/2950355160/1512623843","https://www.twitter.com/udayasjbrana","https://pbs.twimg.com/profile_images/914143428862124033/zxV1nN7X_normal.jpg",false,true,"12/29/2014, 8:27:55 PM","3/20/2024, 1:50:21 PM"
"1770313835993526529","udayasjbrana","Udaya Shumsher Rana","Udaya","Shumsher Rana","भावपूर्ण #श्रद्धान्जली

 नेपाल तरुणदल ललितपुर जिल्लाका अध्यक्ष शिवराम महर्जनज्यू काे सुपुत्र सूजन महर्जनको सवारी दुर्घटनामा परी भएको निधनले अत्यन्त दुःखित बनाएको छ। उहाँ प्रति भावपूर्ण श्रद्धाञ्जली अर्पण गर्दै मृत आत्माको चीरशान्तिको कामना गर्दै सम्पूर्ण परिवारलाई यस दुःखद घडीमा… https://t.co/Dx1RZndUcE","406",0,3,0,1,0,false,false,false,"","",false,"ne","Lalitpur, Nepal","Member of Federal Parliament; CWC Member Nepali Congress; Former Minister of State for Finance;
Former President Nepal Tarun Dal","","",23388,773,1351,3555,11080,36,0,23388,,,false,true,"https://pbs.twimg.com/profile_banners/2950355160/1512623843","https://www.twitter.com/udayasjbrana","https://pbs.twimg.com/profile_images/914143428862124033/zxV1nN7X_normal.jpg",false,true,"12/29/2014, 8:27:55 PM","3/20/2024, 10:43:03 AM"
"1770065951280488794","udayasjbrana","Udaya Shumsher Rana","Udaya","Shumsher Rana","RT @baabajee: 'कुनैपनि सार्वजनिक पद/ओहदामा आसिन व्यक्तिको नाम कुनैपनि संदेहमुलक वा शंकास्पद प्रकरणमा जोडिने बित्तिकै उसले छानविनका लागि बा…",0,0,0,0,22,0,false,false,false,"baabajee","",false,"ne","Lalitpur, Nepal","Member of Federal Parliament; CWC Member Nepali Congress; Former Minister of State for Finance;
Former President Nepal Tarun Dal","","",23388,773,1351,3555,11080,36,0,23388,,,false,true,"https://pbs.twimg.com/profile_banners/2950355160/1512623843","https://www.twitter.com/udayasjbrana","https://pbs.twimg.com/profile_images/914143428862124033/zxV1nN7X_normal.jpg",false,true,"12/29/2014, 8:27:55 PM","3/19/2024, 6:18:03 PM"
"1770007930450149597","udayasjbrana","Udaya Shumsher Rana","Udaya","Shumsher Rana","आजको कान्तिपुर दैनिकमा मेरो छोरा @samarsjbrana को नेपाल-भारत युवामैत्री कनेक्टिभेटीका विषयमा अनुसन्धानमूलक आलेख प्रकाशित भएको छ । दुई छिमेकी मुलुकले प्रविधिको माध्यमबाट लिन सक्ने लाभका विषयमा हामी राजनीतिक दल र सरकारले ध्यान दिन जरुरी छ ।","2288",0,41,3,2,0,false,false,false,"samarsjbrana","",true,"ne","Lalitpur, Nepal","Member of Federal Parliament; CWC Member Nepali Congress; Former Minister of State for Finance;
Former President Nepal Tarun Dal","","",23388,773,1351,3555,11080,36,0,23388,,,false,true,"https://pbs.twimg.com/profile_banners/2950355160/1512623843","https://www.twitter.com/udayasjbrana","https://pbs.twimg.com/profile_images/914143428862124033/zxV1nN7X_normal.jpg",false,true,"12/29/2014, 8:27:55 PM","3/19/2024, 2:27:30 PM"
"1769998340081721668","udayasjbrana","Udaya Shumsher Rana","Udaya","Shumsher Rana","My son @samarsjbrana article in e-kantipur titled ""Nepal-India Youth Friendship 'Connectivity'

https://t.co/xGP3Wx489R","671",0,17,0,2,0,false,false,false,"samarsjbrana","https://ekantipur.com/en/opinion/2024/03/19/nepal-india-youth-friendship-connectivity-56-26.html?sfnsn=wa&mibextid=VhDh1V",false,"en","Lalitpur, Nepal","Member of Federal Parliament; CWC Member Nepali Congress; Former Minister of State for Finance;
Former President Nepal Tarun Dal","","",23388,773,1351,3555,11080,36,0,23388,,,false,true,"https://pbs.twimg.com/profile_banners/2950355160/1512623843","https://www.twitter.com/udayasjbrana","https://pbs.twimg.com/profile_images/914143428862124033/zxV1nN7X_normal.jpg",false,true,"12/29/2014, 8:27:55 PM","3/19/2024, 1:49:23 PM"
"1769987018400858591","udayasjbrana","Udaya Shumsher Rana","Udaya","Shumsher Rana","Put forward my views in a panel discussion titled ""Pathways to Progress: Perspectives on Global Education Mobility"". Organised by ECAN at Educlave in Kathmandu. https://t.co/ZrtgJOyPP4","283",0,0,0,0,0,false,false,false,"","",false,"en","Lalitpur, Nepal","Member of Federal Parliament; CWC Member Nepali Congress; Former Minister of State for Finance;
Former President Nepal Tarun Dal","","",23388,773,1351,3555,11080,36,0,23388,,,false,true,"https://pbs.twimg.com/profile_banners/2950355160/1512623843","https://www.twitter.com/udayasjbrana","https://pbs.twimg.com/profile_images/914143428862124033/zxV1nN7X_normal.jpg",false,true,"12/29/2014, 8:27:55 PM","3/19/2024, 1:04:24 PM"
"1769601339636732143","udayasjbrana","Udaya Shumsher Rana","Udaya","Shumsher Rana","RT @Anurag_Acharya: Two headlines: 
First:Minister for Home Affairs orders action against gold smuggling accused.
Second:Cooperative scam v…",0,0,0,0,4,0,false,false,false,"Anurag_Acharya","",false,"en","Lalitpur, Nepal","Member of Federal Parliament; CWC Member Nepali Congress; Former Minister of State for Finance;
Former President Nepal Tarun Dal","","",23388,773,1351,3555,11080,36,0,23388,,,false,true,"https://pbs.twimg.com/profile_banners/2950355160/1512623843","https://www.twitter.com/udayasjbrana","https://pbs.twimg.com/profile_images/914143428862124033/zxV1nN7X_normal.jpg",false,true,"12/29/2014, 8:27:55 PM","3/18/2024, 11:31:51 AM"
"1769331004806992073","udayasjbrana","Udaya Shumsher Rana","Udaya","Shumsher Rana","ललितपुर उद्योग वाणिज्य संघकाे ५७ औ स्थापना दिवस समुद्घाटन समाराेह  -२०८० https://t.co/cbIhdDf14n","437",0,2,0,1,0,false,false,false,"","",false,"ne","Lalitpur, Nepal","Member of Federal Parliament; CWC Member Nepali Congress; Former Minister of State for Finance;
Former President Nepal Tarun Dal","","",23388,773,1351,3555,11080,36,0,23388,,,false,true,"https://pbs.twimg.com/profile_banners/2950355160/1512623843","https://www.twitter.com/udayasjbrana","https://pbs.twimg.com/profile_images/914143428862124033/zxV1nN7X_normal.jpg",false,true,"12/29/2014, 8:27:55 PM","3/17/2024, 5:37:38 PM"
"1768991499524731198","udayasjbrana","Udaya Shumsher Rana","Udaya","Shumsher Rana","प्रचण्डले निष्ठाको राजनीतिको अवमूल्यन गर्नुभयो : उदयशम्शेर राणा

https://t.co/uKnJyvpjO2","1135",0,12,4,1,0,false,false,false,"","https://www.ratopati.com/story/416747/udayashamsher-jabra?fbclid=IwAR23aZWRwRofPLyJsAWjV2ZC9n8mChTKwx5Gv3gsrBRSA3zQRNV9XRdIK_Q",false,"ne","Lalitpur, Nepal","Member of Federal Parliament; CWC Member Nepali Congress; Former Minister of State for Finance;
Former President Nepal Tarun Dal","","",23388,773,1351,3555,11080,36,0,23388,,,false,true,"https://pbs.twimg.com/profile_banners/2950355160/1512623843","https://www.twitter.com/udayasjbrana","https://pbs.twimg.com/profile_images/914143428862124033/zxV1nN7X_normal.jpg",false,true,"12/29/2014, 8:27:55 PM","3/16/2024, 7:08:34 PM"
"1768301267775017091","udayasjbrana","Udaya Shumsher Rana","Udaya","Shumsher Rana","About Samyak Mahadan at Patan 2024
Samyak Mahadan as the name suggests is an almsgiving Newa Buddhist festival held once in every five years in Patan. The two day-long centuries-old tradition is held on a large open ground in Nagbahal, where hundreds of idols of  Dīpankara… https://t.co/s1OHRBWinu","464",0,4,0,2,0,false,false,false,"","",false,"en","Lalitpur, Nepal","Member of Federal Parliament; CWC Member Nepali Congress; Former Minister of State for Finance;
Former President Nepal Tarun Dal","","",23388,773,1351,3555,11080,36,0,23388,,,false,true,"https://pbs.twimg.com/profile_banners/2950355160/1512623843","https://www.twitter.com/udayasjbrana","https://pbs.twimg.com/profile_images/914143428862124033/zxV1nN7X_normal.jpg",false,true,"12/29/2014, 8:27:55 PM","3/14/2024, 9:25:50 PM"
"1767884792459296843","udayasjbrana","Udaya Shumsher Rana","Udaya","Shumsher Rana","मेरो निर्वाचन क्षेत्र गोदावरी नगरपालिका-७ का सुन्दर डिमडुङ तामाङ रसियन सेनामा रहेको परिवारले जानकारी दिएपछि तत्कालीन परराष्ट्रमन्त्री एनपी साउदज्यूसङ्ग भेटेर उनको उद्धारका लागि आग्रह गरेको थिए । उनी युद्धका क्रममा घाइते भएको र अस्पतालबाट ठीक भएपछि फेरि युद्धमै पठाइएको परिवारले… https://t.co/rmSA7A7Qjv","847",0,11,0,4,0,false,false,false,"","",false,"ne","Lalitpur, Nepal","Member of Federal Parliament; CWC Member Nepali Congress; Former Minister of State for Finance;
Former President Nepal Tarun Dal","","",23388,773,1351,3555,11080,36,0,23388,,,false,true,"https://pbs.twimg.com/profile_banners/2950355160/1512623843","https://www.twitter.com/udayasjbrana","https://pbs.twimg.com/profile_images/914143428862124033/zxV1nN7X_normal.jpg",false,true,"12/29/2014, 8:27:55 PM","3/13/2024, 5:50:54 PM"
"1767774741052674057","udayasjbrana","Udaya Shumsher Rana","Udaya","Shumsher Rana","गोदावरी नगरपालिकाको रुपमा स्थापना भई आठौं वर्षमा प्रबेश गर्दैगर्दा देशभरका २९३ नगरपालिकामध्ये शहरी पूर्वाधार विकासमा देशकै उत्कृष्ट नगरपालिका हुन सफल भएकोमा गोदावरी नगरपालिकाका नगरप्रमुख, उपप्रमुख, प्रमुख प्रशासकीय अधिकृत, जनप्रतिनिधि, कर्मचारी र सम्पुर्ण नगरवासि आम नागरिकमा… https://t.co/npS5yArDaJ","385",0,7,0,0,0,false,false,false,"","",false,"ne","Lalitpur, Nepal","Member of Federal Parliament; CWC Member Nepali Congress; Former Minister of State for Finance;
Former President Nepal Tarun Dal","","",23388,773,1351,3555,11080,36,0,23388,,,false,true,"https://pbs.twimg.com/profile_banners/2950355160/1512623843","https://www.twitter.com/udayasjbrana","https://pbs.twimg.com/profile_images/914143428862124033/zxV1nN7X_normal.jpg",false,true,"12/29/2014, 8:27:55 PM","3/13/2024, 10:33:36 AM"
"1767163152612098287","udayasjbrana","Udaya Shumsher Rana","Udaya","Shumsher Rana","RT @Bipendraa: नारायण दाहालबारे केपी ओली 😁

 https://t.co/n6fwLCD32c",0,0,0,0,51,0,false,false,false,"Bipendraa","",false,"ne","Lalitpur, Nepal","Member of Federal Parliament; CWC Member Nepali Congress; Former Minister of State for Finance;
Former President Nepal Tarun Dal","","",23388,773,1351,3555,11080,36,0,23388,,,false,true,"https://pbs.twimg.com/profile_banners/2950355160/1512623843","https://www.twitter.com/udayasjbrana","https://pbs.twimg.com/profile_images/914143428862124033/zxV1nN7X_normal.jpg",false,true,"12/29/2014, 8:27:55 PM","3/11/2024, 6:03:22 PM"
"1767116960909955317","udayasjbrana","Udaya Shumsher Rana","Udaya","Shumsher Rana","यी युवाहरुसहित रुसमा अलपत्र युवाहरुको छिटो उद्धार गर्न सरकारको ध्यानाकर्षण गराउछु । आफ्नै सरकारमाथि विश्वास नगरेर आज अर्कै देशको सरकारसङ्ग उद्धारको याचना गर्नुपर्ने अवस्था आउनु दु:खद हो । @MofaNepal @PM_nepal_ https://t.co/isBdowujGG","2534",2,28,1,3,3,false,false,false,"MofaNepal; PM_nepal_","",false,"ne","Lalitpur, Nepal","Member of Federal Parliament; CWC Member Nepali Congress; Former Minister of State for Finance;
Former President Nepal Tarun Dal","","",23388,773,1351,3555,11080,36,0,23388,,,false,true,"https://pbs.twimg.com/profile_banners/2950355160/1512623843","https://www.twitter.com/udayasjbrana","https://pbs.twimg.com/profile_images/914143428862124033/zxV1nN7X_normal.jpg",false,true,"12/29/2014, 8:27:55 PM","3/11/2024, 2:59:49 PM"
"1767035932799373364","udayasjbrana","Udaya Shumsher Rana","Udaya","Shumsher Rana","गाेदावरी नगरपालिका आठाै स्थापना दिवसकाे अबसरमा रक्तदान कार्यक्रममा र  श्री झागलकाेट आधारभूत विद्यालय बागमती गाउपालिका -१ घुसेलकाे ५० औ वार्षिकोत्सब तथा स्वर्ण जयन्ती उद्घाटन  समाराेहमा सहभागी हुने अबसर प्रदान गर्नुहुने आयोजक कमिटी लाई हार्दिक धन्यवाद व्यक्त गर्दछु। https://t.co/RTN899NwZQ","277",0,3,0,1,1,false,false,false,"","",false,"ne","Lalitpur, Nepal","Member of Federal Parliament; CWC Member Nepali Congress; Former Minister of State for Finance;
Former President Nepal Tarun Dal","","",23388,773,1351,3555,11080,36,0,23388,,,false,true,"https://pbs.twimg.com/profile_banners/2950355160/1512623843","https://www.twitter.com/udayasjbrana","https://pbs.twimg.com/profile_images/914143428862124033/zxV1nN7X_normal.jpg",false,true,"12/29/2014, 8:27:55 PM","3/11/2024, 9:37:50 AM"
"1767015070721266088","udayasjbrana","Udaya Shumsher Rana","Udaya","Shumsher Rana","Happy Lohsar https://t.co/2uFxvsPjtE","619",0,17,3,1,1,false,false,false,"","",false,"en","Lalitpur, Nepal","Member of Federal Parliament; CWC Member Nepali Congress; Former Minister of State for Finance;
Former President Nepal Tarun Dal","","",23388,773,1351,3555,11080,36,0,23388,,,false,true,"https://pbs.twimg.com/profile_banners/2950355160/1512623843","https://www.twitter.com/udayasjbrana","https://pbs.twimg.com/profile_images/914143428862124033/zxV1nN7X_normal.jpg",false,true,"12/29/2014, 8:27:55 PM","3/11/2024, 8:14:57 AM"
"1766781642600050799","udayasjbrana","Udaya Shumsher Rana","Udaya","Shumsher Rana","गठबन्धन टुटेकोमा आपत्ति छैन  https://t.co/9TEr1YDJkv","316",0,1,0,0,0,false,false,false,"","https://deshantarnews.com/2024/03/165198/",false,"ne","Lalitpur, Nepal","Member of Federal Parliament; CWC Member Nepali Congress; Former Minister of State for Finance;
Former President Nepal Tarun Dal","","",23388,773,1351,3555,11080,36,0,23388,,,false,true,"https://pbs.twimg.com/profile_banners/2950355160/1512623843","https://www.twitter.com/udayasjbrana","https://pbs.twimg.com/profile_images/914143428862124033/zxV1nN7X_normal.jpg",false,true,"12/29/2014, 8:27:55 PM","3/10/2024, 4:47:23 PM"
"1765966710451093840","udayasjbrana","Udaya Shumsher Rana","Udaya","Shumsher Rana","महाशिवरात्रि को हार्दिक शुभकामना 🙏 https://t.co/yDVjJ4qwK5","389",0,9,0,1,0,false,false,false,"","",false,"hi","Lalitpur, Nepal","Member of Federal Parliament; CWC Member Nepali Congress; Former Minister of State for Finance;
Former President Nepal Tarun Dal","","",23388,773,1351,3555,11080,36,0,23388,,,false,true,"https://pbs.twimg.com/profile_banners/2950355160/1512623843","https://www.twitter.com/udayasjbrana","https://pbs.twimg.com/profile_images/914143428862124033/zxV1nN7X_normal.jpg",false,true,"12/29/2014, 8:27:55 PM","3/8/2024, 10:49:08 AM"
"1765928162700275729","udayasjbrana","Udaya Shumsher Rana","Udaya","Shumsher Rana","महाशिवरात्रि को हार्दिक शुभकामना 🙏 https://t.co/Iur1xR72dO","928",1,32,2,1,0,false,false,false,"","",false,"hi","Lalitpur, Nepal","Member of Federal Parliament; CWC Member Nepali Congress; Former Minister of State for Finance;
Former President Nepal Tarun Dal","","",23388,773,1351,3555,11080,36,0,23388,,,false,true,"https://pbs.twimg.com/profile_banners/2950355160/1512623843","https://www.twitter.com/udayasjbrana","https://pbs.twimg.com/profile_images/914143428862124033/zxV1nN7X_normal.jpg",false,true,"12/29/2014, 8:27:55 PM","3/8/2024, 8:15:58 AM"
"1765694113285075392","udayasjbrana","Udaya Shumsher Rana","Udaya","Shumsher Rana","RT @bhandari_jee: प्रचण्डलाई लेखकको चेतावनी: तपाईंले धोका दिएका सबै मिले के होला? #rameshl... https://t.co/rNLtIGXp4N via @YouTube",0,0,0,0,2,0,false,false,false,"bhandari_jee; YouTube","https://youtu.be/gQOPXBw4-gg?si=4tF7ajYzntYb4pfb",false,"ne","Lalitpur, Nepal","Member of Federal Parliament; CWC Member Nepali Congress; Former Minister of State for Finance;
Former President Nepal Tarun Dal","","",23388,773,1351,3555,11080,36,0,23388,,,false,true,"https://pbs.twimg.com/profile_banners/2950355160/1512623843","https://www.twitter.com/udayasjbrana","https://pbs.twimg.com/profile_images/914143428862124033/zxV1nN7X_normal.jpg",false,true,"12/29/2014, 8:27:55 PM","3/7/2024, 4:45:56 PM"
"1765693529299501089","udayasjbrana","Udaya Shumsher Rana","Udaya","Shumsher Rana","RT @setopati: प्रधानमन्त्रीलाई कांग्रेसले भन्यो- तपाईंबाट धोका पाएकाहरूएक ठाउँमा उभिए भने कहाँ पुग्नुहोला? https://t.co/TVApvjqClB",0,0,0,0,8,0,false,false,false,"setopati","",false,"ne","Lalitpur, Nepal","Member of Federal Parliament; CWC Member Nepali Congress; Former Minister of State for Finance;
Former President Nepal Tarun Dal","","",23388,773,1351,3555,11080,36,0,23388,,,false,true,"https://pbs.twimg.com/profile_banners/2950355160/1512623843","https://www.twitter.com/udayasjbrana","https://pbs.twimg.com/profile_images/914143428862124033/zxV1nN7X_normal.jpg",false,true,"12/29/2014, 8:27:55 PM","3/7/2024, 4:43:37 PM"
"1764911597175324696","udayasjbrana","Udaya Shumsher Rana","Udaya","Shumsher Rana","ललितपुर जिल्ला बागमती गाउँपालिका-७ गिम्दी जनक माध्यमिक विद्यालयले स्वर्ण  महोत्सव मनाउदै गर्दा  विद्यालयले अझै गुणस्तरीय शिक्षा प्रदान गरी आफुलाई उत्कृष्ट विद्यालयको रुपमा  स्थापित गराउन सफल हुनेछ भन्ने बिश्वास  लिएको छु ।  स्वर्ण महोत्सव कार्यक्रमकाे सफलताकाे लागि शुभकामना… https://t.co/EQCVisUUVW","589",0,7,0,1,0,false,false,false,"","",false,"ne","Lalitpur, Nepal","Member of Federal Parliament; CWC Member Nepali Congress; Former Minister of State for Finance;
Former President Nepal Tarun Dal","","",23388,773,1351,3555,11080,36,0,23388,,,false,true,"https://pbs.twimg.com/profile_banners/2950355160/1512623843","https://www.twitter.com/udayasjbrana","https://pbs.twimg.com/profile_images/914143428862124033/zxV1nN7X_normal.jpg",false,true,"12/29/2014, 8:27:55 PM","3/5/2024, 12:56:29 PM"
"1764312118185369819","udayasjbrana","Udaya Shumsher Rana","Udaya","Shumsher Rana","ललितपुर जिल्ला कोञ्ज्योसोम गाउँपालिका-२ शंखु मगरगाउँ माध्यमिक विद्यालयका विद्यार्थी, शिक्षक र अभिभावकहरुसँग भेट्ने अवसर मिल्यो। यस स्वर्ण  महोत्सव मनाउदै गर्दा  विद्यालयले अझै गुणस्तरीय शिक्षा प्रदान गरी आफुलाई उत्कृष्ट विद्यालयको रुपमा  स्थापित गराउन सफल हुनेछ भन्ने बिश्वास… https://t.co/RC0wxLWDQI","520",0,7,0,0,0,false,false,false,"","",false,"ne","Lalitpur, Nepal","Member of Federal Parliament; CWC Member Nepali Congress; Former Minister of State for Finance;
Former President Nepal Tarun Dal","","",23388,773,1351,3555,11080,36,0,23388,,,false,true,"https://pbs.twimg.com/profile_banners/2950355160/1512623843","https://www.twitter.com/udayasjbrana","https://pbs.twimg.com/profile_images/914143428862124033/zxV1nN7X_normal.jpg",false,true,"12/29/2014, 8:27:55 PM","3/3/2024, 9:14:22 PM"
"1763857295568667043","udayasjbrana","Udaya Shumsher Rana","Udaya","Shumsher Rana","Congratulations and  Victory for #Rhinos 🎊

For successfully chasing  the target &amp; entertaining  the TU Crowd and supporters 

#NepT20I | #NepalCricket  #WorldCupYear2024 https://t.co/865b0YDnI7","707",0,12,1,1,0,false,false,false,"","",false,"en","Lalitpur, Nepal","Member of Federal Parliament; CWC Member Nepali Congress; Former Minister of State for Finance;
Former President Nepal Tarun Dal","","",23388,773,1351,3555,11080,36,0,23388,,,false,true,"https://pbs.twimg.com/profile_banners/2950355160/1512623843","https://www.twitter.com/udayasjbrana","https://pbs.twimg.com/profile_images/914143428862124033/zxV1nN7X_normal.jpg",false,true,"12/29/2014, 8:27:55 PM","3/2/2024, 3:07:04 PM"
"1763204891747737876","udayasjbrana","Udaya Shumsher Rana","Udaya","Shumsher Rana","सामुदायिक विद्यालयको शैक्षिक गुणस्तर सुधारमा सरकारले ध्यान दिनुपर्छ: पूर्व अर्थराज्यमन्त्री राणा

https://t.co/WEuluLEtkq","367",0,5,0,1,0,false,false,false,"","https://nepalmanch.com/146027/",false,"ne","Lalitpur, Nepal","Member of Federal Parliament; CWC Member Nepali Congress; Former Minister of State for Finance;
Former President Nepal Tarun Dal","","",23388,773,1351,3555,11080,36,0,23388,,,false,true,"https://pbs.twimg.com/profile_banners/2950355160/1512623843","https://www.twitter.com/udayasjbrana","https://pbs.twimg.com/profile_images/914143428862124033/zxV1nN7X_normal.jpg",false,true,"12/29/2014, 8:27:55 PM","2/29/2024, 7:54:39 PM"
"1763188339455529027","udayasjbrana","Udaya Shumsher Rana","Udaya","Shumsher Rana","श्री मेश्रम वराह माध्यमिक विद्यालय घान्द्रुक, कास्कीको हीरक जयन्ती समारोहमा प्रमुख अतिथिका रुपमा सहभागी हुने अवसर मिल्यो । यो क्षेत्रको मात्रै नभई सिङ्गो जिल्लाकै शिक्षाको विकासमा यो विद्यालयको योगदान अतुलनीय छ । गुणस्तरीय शिक्षाले मात्रै सामुदायिक विद्यालयप्रति आमनागरिकको… https://t.co/QORWIOyV3a","462",0,9,0,1,0,false,false,false,"","",false,"ne","Lalitpur, Nepal","Member of Federal Parliament; CWC Member Nepali Congress; Former Minister of State for Finance;
Former President Nepal Tarun Dal","","",23388,773,1351,3555,11080,36,0,23388,,,false,true,"https://pbs.twimg.com/profile_banners/2950355160/1512623843","https://www.twitter.com/udayasjbrana","https://pbs.twimg.com/profile_images/914143428862124033/zxV1nN7X_normal.jpg",false,true,"12/29/2014, 8:27:55 PM","2/29/2024, 6:48:53 PM"
"1762051139133161739","udayasjbrana","Udaya Shumsher Rana","Udaya","Shumsher Rana","स्मार्ट लाइसेन्स वितरण र नविकरणमा भइरहेको अत्यधिक ढिलासुस्तीका बारेमा आज संसदमा सरकारको ध्यानाकर्षण गराएको छु । https://t.co/9COW91StFE","1341",0,20,1,2,0,false,false,false,"","",false,"ne","Lalitpur, Nepal","Member of Federal Parliament; CWC Member Nepali Congress; Former Minister of State for Finance;
Former President Nepal Tarun Dal","","",23388,773,1351,3555,11080,36,0,23388,,,false,true,"https://pbs.twimg.com/profile_banners/2950355160/1512623843","https://www.twitter.com/udayasjbrana","https://pbs.twimg.com/profile_images/914143428862124033/zxV1nN7X_normal.jpg",false,true,"12/29/2014, 8:27:55 PM","2/26/2024, 3:30:03 PM"
"1760995349660099060","udayasjbrana","Udaya Shumsher Rana","Udaya","Shumsher Rana","बहुबर्षिय योजना अन्तर्गत ८६ करोड ७६ लाख को योजना पार्न सफल भएकोमा खुशी व्यक्त गर्दछु।

साथै योजना पार्न सहयोग गर्नु हुने बागमती प्रदेश सरकारका आर्थिक मामिला तथा योजना मन्त्री माननीय बहादुर सिंह लामा र भौतिक पुर्बाधार बिकास मन्त्री माननीय युवराज दुलाल र नेता साथीहरु सवैलाई धन्यबाद… https://t.co/h5jx4pi1Ou","477",0,6,0,1,0,false,false,false,"","",false,"ne","Lalitpur, Nepal","Member of Federal Parliament; CWC Member Nepali Congress; Former Minister of State for Finance;
Former President Nepal Tarun Dal","","",23388,773,1351,3555,11080,36,0,23388,,,false,true,"https://pbs.twimg.com/profile_banners/2950355160/1512623843","https://www.twitter.com/udayasjbrana","https://pbs.twimg.com/profile_images/914143428862124033/zxV1nN7X_normal.jpg",false,true,"12/29/2014, 8:27:55 PM","2/23/2024, 5:34:43 PM"
"1760941202785042903","udayasjbrana","Udaya Shumsher Rana","Udaya","Shumsher Rana","महासमिति बैठक भव्य रुपमा सम्पन्न भयो । सम्पूर्ण महासमिति सदस्यलाई फेरि पनि धन्यवाद दिन चाहन्छु । चार दिन चलेको महासमिति बैठक स्थल गोदावरीको आज नेपाली काङ्ग्रेस क्षेत्रीय समितिले सरसफाइ गरेको छ। पार्टीका व्यानर, झण्डा, लगायत अन्य फोहोरहरु हटाइएको छ। यो कार्यका लागि क्षेत्रीय… https://t.co/yuMsnTVvAX","1875",0,18,4,2,0,false,false,false,"","",false,"ne","Lalitpur, Nepal","Member of Federal Parliament; CWC Member Nepali Congress; Former Minister of State for Finance;
Former President Nepal Tarun Dal","","",23388,773,1351,3555,11080,36,0,23388,,,false,true,"https://pbs.twimg.com/profile_banners/2950355160/1512623843","https://www.twitter.com/udayasjbrana","https://pbs.twimg.com/profile_images/914143428862124033/zxV1nN7X_normal.jpg",false,true,"12/29/2014, 8:27:55 PM","2/23/2024, 1:59:34 PM"
"1759600856234905773","udayasjbrana","Udaya Shumsher Rana","Udaya","Shumsher Rana","नेपाली काँग्रेस महासमिति बैठकको उद्घाटन सत्र
जय नेपाल !@NepaliCongress https://t.co/KJlWeQ3U2A","2887",0,21,5,1,2,false,false,false,"","",false,"ne","Lalitpur, Nepal","Member of Federal Parliament; CWC Member Nepali Congress; Former Minister of State for Finance;
Former President Nepal Tarun Dal","","",23388,773,1351,3555,11080,36,0,23388,,,false,true,"https://pbs.twimg.com/profile_banners/2950355160/1512623843","https://www.twitter.com/udayasjbrana","https://pbs.twimg.com/profile_images/914143428862124033/zxV1nN7X_normal.jpg",false,true,"12/29/2014, 8:27:55 PM","2/19/2024, 9:13:30 PM"
"1758492215163441169","udayasjbrana","Udaya Shumsher Rana","Udaya","Shumsher Rana","ललितपुरको पुष्पाञ्जली माध्यमिक विद्यालयले ४० औं वार्षिकोत्सव मनाएको छ । यस विद्यालयलाई यहाँसम्म ल्याउन विभिन्न समयमा योगदान पुर्याउने शिक्षक, विद्यार्थी र सम्पूर्ण अभिभावक प्रति आभार व्यक्त गर्दछु । यस अवसरमा  संचालन भएकाे  खेलकुद सप्ताह-२०८० को समापन कार्यक्रममा  सहभागी हुने… https://t.co/WOYIBGdlHe","421",0,2,1,1,0,false,false,false,"","",false,"ne","Lalitpur, Nepal","Member of Federal Parliament; CWC Member Nepali Congress; Former Minister of State for Finance;
Former President Nepal Tarun Dal","","",23388,773,1351,3555,11080,36,0,23388,,,false,true,"https://pbs.twimg.com/profile_banners/2950355160/1512623843","https://www.twitter.com/udayasjbrana","https://pbs.twimg.com/profile_images/914143428862124033/zxV1nN7X_normal.jpg",false,true,"12/29/2014, 8:27:55 PM","2/16/2024, 7:48:09 PM"
"1757589019368816727","udayasjbrana","Udaya Shumsher Rana","Udaya","Shumsher Rana","https://t.co/F3MAH3VUVd","397",0,9,0,1,0,false,false,false,"","",false,"zxx","Lalitpur, Nepal","Member of Federal Parliament; CWC Member Nepali Congress; Former Minister of State for Finance;
Former President Nepal Tarun Dal","","",23388,773,1351,3555,11080,36,0,23388,,,false,true,"https://pbs.twimg.com/profile_banners/2950355160/1512623843","https://www.twitter.com/udayasjbrana","https://pbs.twimg.com/profile_images/914143428862124033/zxV1nN7X_normal.jpg",false,true,"12/29/2014, 8:27:55 PM","2/14/2024, 7:59:11 AM"
"1756254317903061418","udayasjbrana","Udaya Shumsher Rana","Udaya","Shumsher Rana","Happy Lohsar https://t.co/jIU0A69Wdv","719",0,20,0,2,0,false,false,false,"","",false,"en","Lalitpur, Nepal","Member of Federal Parliament; CWC Member Nepali Congress; Former Minister of State for Finance;
Former President Nepal Tarun Dal","","",23388,773,1351,3555,11080,36,0,23388,,,false,true,"https://pbs.twimg.com/profile_banners/2950355160/1512623843","https://www.twitter.com/udayasjbrana","https://pbs.twimg.com/profile_images/914143428862124033/zxV1nN7X_normal.jpg",false,true,"12/29/2014, 8:27:55 PM","2/10/2024, 3:35:33 PM"
"1755758564063531160","udayasjbrana","Udaya Shumsher Rana","Udaya","Shumsher Rana","आन्तरिक रोजगारी सिर्जना सीप र सम्मान सहितको आप्रवासन, अधिक रेमिट्न्स प्राप्ति र त्यसको उत्पादनशील प्रयोगको बिषयमा केन्द्रित रहेको ""कान्तिुपुर इन्प्लोमेन्ट, माइग्रेसन एण्ड रेमिट समिति – २०२४ "" मा सहभागी भाई आफ्नो धारणा राख्न पाउँदा  खुसी लागेको छ । यस कार्यक्रमा मैले आफ्नो धारणा… https://t.co/Rhj84Qfhji","498",0,8,0,1,0,false,false,false,"","",false,"ne","Lalitpur, Nepal","Member of Federal Parliament; CWC Member Nepali Congress; Former Minister of State for Finance;
Former President Nepal Tarun Dal","","",23388,773,1351,3555,11080,36,0,23388,,,false,true,"https://pbs.twimg.com/profile_banners/2950355160/1512623843","https://www.twitter.com/udayasjbrana","https://pbs.twimg.com/profile_images/914143428862124033/zxV1nN7X_normal.jpg",false,true,"12/29/2014, 8:27:55 PM","2/9/2024, 6:45:36 AM"
"1754807539529920726","udayasjbrana","Udaya Shumsher Rana","Udaya","Shumsher Rana","""स्वास्थका लागि खेलकुद, राष्ट्रको लागी खेलकुद ""
 नेपाल चार्टर्ड एकाउन्टेन्ट विद्यार्थी संगठन' द्वारा आयोजित ११औं एन.सिए.एस अन्तर फर्म टि २० क्रिकेट प्रतियोगितामा ( 11th NCASA Inter-Firm T-20 Cricket Tournament) सहभागी हुन पाउदा खुसी लागेको छ ।  आयोजक समितिलाई हार्दिक बधाई साथै… https://t.co/n38dL1fpeP","557",0,6,0,1,0,false,false,false,"","",false,"ne","Lalitpur, Nepal","Member of Federal Parliament; CWC Member Nepali Congress; Former Minister of State for Finance;
Former President Nepal Tarun Dal","","",23388,773,1351,3555,11080,36,0,23388,,,false,true,"https://pbs.twimg.com/profile_banners/2950355160/1512623843","https://www.twitter.com/udayasjbrana","https://pbs.twimg.com/profile_images/914143428862124033/zxV1nN7X_normal.jpg",false,true,"12/29/2014, 8:27:55 PM","2/6/2024, 3:46:34 PM"
"1754730839605477413","udayasjbrana","Udaya Shumsher Rana","Udaya","Shumsher Rana","नेपाली कांग्रेसका केन्द्रीय सदस्य एबम्  पूर्व सामान्य प्रशासन मन्त्री केशव कुमार बुढाथोकीको निधन भएको खबरले दुखित बनाएको छ । मृत आत्माको चीर शान्तिको कामना गर्दै शोकाकुल परिवारजनमा हार्दिक समवेदना व्यक्त गर्दछु । https://t.co/TFrLLBTOmS","460",0,3,4,1,0,false,false,false,"","",false,"ne","Lalitpur, Nepal","Member of Federal Parliament; CWC Member Nepali Congress; Former Minister of State for Finance;
Former President Nepal Tarun Dal","","",23388,773,1351,3555,11080,36,0,23388,,,false,true,"https://pbs.twimg.com/profile_banners/2950355160/1512623843","https://www.twitter.com/udayasjbrana","https://pbs.twimg.com/profile_images/914143428862124033/zxV1nN7X_normal.jpg",false,true,"12/29/2014, 8:27:55 PM","2/6/2024, 10:41:48 AM"
"1753310992296247534","udayasjbrana","Udaya Shumsher Rana","Udaya","Shumsher Rana","RT @DrShankarSharma: Indian interim Budget increased grant assistance to🇳🇵from an estimated amount of Rs 550 crore in FY 23/24 to a revised…",0,0,0,0,17,0,false,false,false,"DrShankarSharma","",false,"en","Lalitpur, Nepal","Member of Federal Parliament; CWC Member Nepali Congress; Former Minister of State for Finance;
Former President Nepal Tarun Dal","","",23388,773,1351,3555,11080,36,0,23388,,,false,true,"https://pbs.twimg.com/profile_banners/2950355160/1512623843","https://www.twitter.com/udayasjbrana","https://pbs.twimg.com/profile_images/914143428862124033/zxV1nN7X_normal.jpg",false,true,"12/29/2014, 8:27:55 PM","2/2/2024, 12:39:50 PM"
"1752338601931935876","udayasjbrana","Udaya Shumsher Rana","Udaya","Shumsher Rana","आज शहिद दिवसका दिनदेखि हाम्रो पार्टीको @NepaliCongress राष्ट्रिय कार्यक्रम ""समुदायमा काङ्ग्रेस"" अभियान सुरु भएको छ।  ललितपुरको गोदावरी नगरपालिका-८ बाट हामीले यो अभियानको शुभारम्भ गरेका छौं । पार्टीलाई जनतासङ्ग जोड्न र उनिहरुका कुरा सुन्न यो अभियान सार्थक हुने विश्वास छ। हामी… https://t.co/ZVubsHbj4o","492",0,7,0,0,0,false,false,false,"NepaliCongress","",false,"ne","Lalitpur, Nepal","Member of Federal Parliament; CWC Member Nepali Congress; Former Minister of State for Finance;
Former President Nepal Tarun Dal","","",23388,773,1351,3555,11080,36,0,23388,,,false,true,"https://pbs.twimg.com/profile_banners/2950355160/1512623843","https://www.twitter.com/udayasjbrana","https://pbs.twimg.com/profile_images/914143428862124033/zxV1nN7X_normal.jpg",false,true,"12/29/2014, 8:27:55 PM","1/30/2024, 8:15:54 PM"
"1752159211101016157","udayasjbrana","Udaya Shumsher Rana","Udaya","Shumsher Rana","https://t.co/dIdEHKmkSJ","6099",1,17,1,1,5,false,false,false,"","",false,"zxx","Lalitpur, Nepal","Member of Federal Parliament; CWC Member Nepali Congress; Former Minister of State for Finance;
Former President Nepal Tarun Dal","","",23388,773,1351,3555,11080,36,0,23388,,,false,true,"https://pbs.twimg.com/profile_banners/2950355160/1512623843","https://www.twitter.com/udayasjbrana","https://pbs.twimg.com/profile_images/914143428862124033/zxV1nN7X_normal.jpg",false,true,"12/29/2014, 8:27:55 PM","1/30/2024, 8:23:04 AM"
"1750941514396803552","udayasjbrana","Udaya Shumsher Rana","Udaya","Shumsher Rana","Congratulations 🎊 🇳🇵 

#NepalCricket 
#cricketassociationofnepal https://t.co/Zyid6lWKGg","395",0,7,0,0,0,false,false,false,"","",false,"en","Lalitpur, Nepal","Member of Federal Parliament; CWC Member Nepali Congress; Former Minister of State for Finance;
Former President Nepal Tarun Dal","","",23388,773,1351,3555,11080,36,0,23388,,,false,true,"https://pbs.twimg.com/profile_banners/2950355160/1512623843","https://www.twitter.com/udayasjbrana","https://pbs.twimg.com/profile_images/914143428862124033/zxV1nN7X_normal.jpg",false,true,"12/29/2014, 8:27:55 PM","1/26/2024, 11:44:22 PM"
"1750781558775288131","udayasjbrana","Udaya Shumsher Rana","Udaya","Shumsher Rana","गुमराङ आधारभूत विद्यालय , महाकाल-६ गुमराङ ठुलादुर्लुङको स्वर्णमहोत्सव उदघाटन समारोहमा सहभागी हुँदै । https://t.co/aljpvS0mRQ","295",0,4,0,0,0,false,false,false,"","",false,"ne","Lalitpur, Nepal","Member of Federal Parliament; CWC Member Nepali Congress; Former Minister of State for Finance;
Former President Nepal Tarun Dal","","",23388,773,1351,3555,11080,36,0,23388,,,false,true,"https://pbs.twimg.com/profile_banners/2950355160/1512623843","https://www.twitter.com/udayasjbrana","https://pbs.twimg.com/profile_images/914143428862124033/zxV1nN7X_normal.jpg",false,true,"12/29/2014, 8:27:55 PM","1/26/2024, 1:08:46 PM"
"1750741276847423679","udayasjbrana","Udaya Shumsher Rana","Udaya","Shumsher Rana","राष्ट्रिय सभा निर्वाचनमा निर्वाचित हुनुहुने महानुभावहरुमा हार्दिक बधाईक एवं  सफल कार्यकालको शुभकामना । https://t.co/gNLjhytWH0","496",0,5,1,0,0,false,false,false,"","",false,"ne","Lalitpur, Nepal","Member of Federal Parliament; CWC Member Nepali Congress; Former Minister of State for Finance;
Former President Nepal Tarun Dal","","",23388,773,1351,3555,11080,36,0,23388,,,false,true,"https://pbs.twimg.com/profile_banners/2950355160/1512623843","https://www.twitter.com/udayasjbrana","https://pbs.twimg.com/profile_images/914143428862124033/zxV1nN7X_normal.jpg",false,true,"12/29/2014, 8:27:55 PM","1/26/2024, 10:28:42 AM"
"1748728142871793824","udayasjbrana","Udaya Shumsher Rana","Udaya","Shumsher Rana","धन्यवाद नेपाल तरुण दल पाँचखाल नगर कार्यसमिति काभ्रेलाई यो महत्वपूर्ण कार्यका लागि । 
तरुण दल काभ्रेका निवर्तमान अध्यक्ष भाई दावा लामा, अध्यक्ष सुजन लामा, पाँचखाल नगर कार्यसमितिसभापति विकास लामासहित सम्पूर्ण तरुण दलका साथीहरुले मलाई सम्झेर निम्तो गर्नुभयो । कार्यसमितिमा चयन… https://t.co/xPiSOMB2id","468",0,13,0,1,0,false,false,false,"","",false,"ne","Lalitpur, Nepal","Member of Federal Parliament; CWC Member Nepali Congress; Former Minister of State for Finance;
Former President Nepal Tarun Dal","","",23388,773,1351,3555,11080,36,0,23388,,,false,true,"https://pbs.twimg.com/profile_banners/2950355160/1512623843","https://www.twitter.com/udayasjbrana","https://pbs.twimg.com/profile_images/914143428862124033/zxV1nN7X_normal.jpg",false,true,"12/29/2014, 8:27:55 PM","1/20/2024, 9:09:13 PM"
"1746735251592994892","udayasjbrana","Udaya Shumsher Rana","Udaya","Shumsher Rana","माघेसंक्रान्ति (माघी)को शुभकामना🙏
नेपालमा लगभग सबै जातजातिले मनाउने गज्जवको पर्व हो यो। मगर समुदायको राष्ट्रिय पर्व, मैथली र थारुको नयाँ वर्ष। नेवारी समुदायमा घ्यूचाकु सँल्हु। 
अनि तरुल, घिउ, तिलको लड्डु, चाकुको मज्जा। विशेष छन् हाम्रा पर्वहरु। जय माघेसंक्रान्ति। जय होस्,शुभ… https://t.co/uhdgkSnQlF","1652",0,36,4,1,0,false,false,false,"","",false,"ne","Lalitpur, Nepal","Member of Federal Parliament; CWC Member Nepali Congress; Former Minister of State for Finance;
Former President Nepal Tarun Dal","","",23388,773,1351,3555,11080,36,0,23388,,,false,true,"https://pbs.twimg.com/profile_banners/2950355160/1512623843","https://www.twitter.com/udayasjbrana","https://pbs.twimg.com/profile_images/914143428862124033/zxV1nN7X_normal.jpg",false,true,"12/29/2014, 8:27:55 PM","1/15/2024, 9:10:11 AM"
"1745799155497476121","udayasjbrana","Udaya Shumsher Rana","Udaya","Shumsher Rana","RT @theworldindex: Most Popular Nature Destination Worldwide for 2024

1.🇳🇵 Kathmandu
2.🇻🇳 Halong Bay
3.🇪🇬 Hurghada
4.🇲🇺 Mauritius
5.🇮🇩 Lom…",0,0,0,0,707,0,false,false,false,"theworldindex","",false,"und","Lalitpur, Nepal","Member of Federal Parliament; CWC Member Nepali Congress; Former Minister of State for Finance;
Former President Nepal Tarun Dal","","",23388,773,1351,3555,11080,36,0,23388,,,false,true,"https://pbs.twimg.com/profile_banners/2950355160/1512623843","https://www.twitter.com/udayasjbrana","https://pbs.twimg.com/profile_images/914143428862124033/zxV1nN7X_normal.jpg",false,true,"12/29/2014, 8:27:55 PM","1/12/2024, 7:10:28 PM"
"1745636082119766191","udayasjbrana","Udaya Shumsher Rana","Udaya","Shumsher Rana","https://t.co/7Fxge2ya1B","508",0,12,1,0,0,false,false,false,"","",false,"zxx","Lalitpur, Nepal","Member of Federal Parliament; CWC Member Nepali Congress; Former Minister of State for Finance;
Former President Nepal Tarun Dal","","",23388,773,1351,3555,11080,36,0,23388,,,false,true,"https://pbs.twimg.com/profile_banners/2950355160/1512623843","https://www.twitter.com/udayasjbrana","https://pbs.twimg.com/profile_images/914143428862124033/zxV1nN7X_normal.jpg",false,true,"12/29/2014, 8:27:55 PM","1/12/2024, 8:22:28 AM"
"1745636019536642482","udayasjbrana","Udaya Shumsher Rana","Udaya","Shumsher Rana","https://t.co/GjdEiwMBi6","273",0,3,0,0,0,false,false,false,"","",false,"zxx","Lalitpur, Nepal","Member of Federal Parliament; CWC Member Nepali Congress; Former Minister of State for Finance;
Former President Nepal Tarun Dal","","",23388,773,1351,3555,11080,36,0,23388,,,false,true,"https://pbs.twimg.com/profile_banners/2950355160/1512623843","https://www.twitter.com/udayasjbrana","https://pbs.twimg.com/profile_images/914143428862124033/zxV1nN7X_normal.jpg",false,true,"12/29/2014, 8:27:55 PM","1/12/2024, 8:22:14 AM"
"1743902828819845466","udayasjbrana","Udaya Shumsher Rana","Udaya","Shumsher Rana","गोदावरी उद्योग बाणिज्य संघकाे तेस्रो बार्षिक साधारण सभा र
नेपाली कांग्रेस क्षेत्र नं. ३ प्रदेश सभा `ख´ क्षेत्रीय कार्यसमितिद्वारा आयोजित प्रशिक्षण कार्यक्रममा सहभागी । https://t.co/oRuVZxQRca","531",0,8,0,0,0,false,false,false,"","",false,"ne","Lalitpur, Nepal","Member of Federal Parliament; CWC Member Nepali Congress; Former Minister of State for Finance;
Former President Nepal Tarun Dal","","",23388,773,1351,3555,11080,36,0,23388,,,false,true,"https://pbs.twimg.com/profile_banners/2950355160/1512623843","https://www.twitter.com/udayasjbrana","https://pbs.twimg.com/profile_images/914143428862124033/zxV1nN7X_normal.jpg",false,true,"12/29/2014, 8:27:55 PM","1/7/2024, 1:35:09 PM"
"1743597818089287763","udayasjbrana","Udaya Shumsher Rana","Udaya","Shumsher Rana","महाङ्गकाल गाउँपालिकाकाे प्राङ्गणमा पालिका सवालमा। https://t.co/nwzmBdurLm","859",0,11,0,1,0,false,false,false,"","",false,"ne","Lalitpur, Nepal","Member of Federal Parliament; CWC Member Nepali Congress; Former Minister of State for Finance;
Former President Nepal Tarun Dal","","",23388,773,1351,3555,11080,36,0,23388,,,false,true,"https://pbs.twimg.com/profile_banners/2950355160/1512623843","https://www.twitter.com/udayasjbrana","https://pbs.twimg.com/profile_images/914143428862124033/zxV1nN7X_normal.jpg",false,true,"12/29/2014, 8:27:55 PM","1/6/2024, 5:23:08 PM"
"1743230238203724216","udayasjbrana","Udaya Shumsher Rana","Udaya","Shumsher Rana","लेले चन्दन्पुर मोटरबाटोको पहिलो चरण ठेक्का अन्तरगत कामको अनुगमन गर्दै, समयमै काम सम्पन्न गर्न सबैमा सहजीकरण गर्नुहुन अनुरोध गर्द्छु । https://t.co/4NCyN1RcFE","429",0,8,0,1,0,false,false,false,"","",false,"ne","Lalitpur, Nepal","Member of Federal Parliament; CWC Member Nepali Congress; Former Minister of State for Finance;
Former President Nepal Tarun Dal","","",23388,773,1351,3555,11080,36,0,23388,,,false,true,"https://pbs.twimg.com/profile_banners/2950355160/1512623843","https://www.twitter.com/udayasjbrana","https://pbs.twimg.com/profile_images/914143428862124033/zxV1nN7X_normal.jpg",false,true,"12/29/2014, 8:27:55 PM","1/5/2024, 5:02:31 PM"
"1742919796222755201","udayasjbrana","Udaya Shumsher Rana","Udaya","Shumsher Rana","लेले खत्री गाउँमा खानेपानी ट्यान्की निर्माणका लागि Inner Wheel of Patan र गोदावरी नगरपालिकाबीच भएको सहकार्यप्रति आभारी छु। मैले खानेपानीको विषयमा प्रतिवद्धतता जनाएको थिए। ललितपुर-१ को समग्र विकासका लागि हामी तीन तहको सरकार र निजी क्षेत्रसङ्ग सहकार्य गर्दै अगाडि बढ्नेछौ। https://t.co/42apEselm8","584",0,11,0,0,0,false,false,false,"","",false,"ne","Lalitpur, Nepal","Member of Federal Parliament; CWC Member Nepali Congress; Former Minister of State for Finance;
Former President Nepal Tarun Dal","","",23388,773,1351,3555,11080,36,0,23388,,,false,true,"https://pbs.twimg.com/profile_banners/2950355160/1512623843","https://www.twitter.com/udayasjbrana","https://pbs.twimg.com/profile_images/914143428862124033/zxV1nN7X_normal.jpg",false,true,"12/29/2014, 8:27:55 PM","1/4/2024, 8:28:55 PM"
"1741480993868095827","udayasjbrana","Udaya Shumsher Rana","Udaya","Shumsher Rana","Happy New Year from all of us https://t.co/PeHiuA9fsh","561",0,9,0,0,0,false,false,false,"","",false,"en","Lalitpur, Nepal","Member of Federal Parliament; CWC Member Nepali Congress; Former Minister of State for Finance;
Former President Nepal Tarun Dal","","",23388,773,1351,3555,11080,36,0,23388,,,false,true,"https://pbs.twimg.com/profile_banners/2950355160/1512623843","https://www.twitter.com/udayasjbrana","https://pbs.twimg.com/profile_images/914143428862124033/zxV1nN7X_normal.jpg",false,true,"12/29/2014, 8:27:55 PM","12/31/2023, 9:11:38 PM"
"1741459465663304111","udayasjbrana","Udaya Shumsher Rana","Udaya","Shumsher Rana","राष्ट्रपति रनिङ शिल्ड प्रतियोगिताको सफलताको शुभकामना । 
गोदावरी नगरपालिकास्तरीय प्रतियोगितामा ४७ विद्यालयका करीव १६०० प्रतियोगी सहभागी छन् । सम्पूर्ण खेलाडी भाइबहिनीलाई शुभकामना 🙏 https://t.co/JCpSjsYl96","396",0,8,0,1,0,false,false,false,"","",false,"ne","Lalitpur, Nepal","Member of Federal Parliament; CWC Member Nepali Congress; Former Minister of State for Finance;
Former President Nepal Tarun Dal","","",23388,773,1351,3555,11080,36,0,23388,,,false,true,"https://pbs.twimg.com/profile_banners/2950355160/1512623843","https://www.twitter.com/udayasjbrana","https://pbs.twimg.com/profile_images/914143428862124033/zxV1nN7X_normal.jpg",false,true,"12/29/2014, 8:27:55 PM","12/31/2023, 7:46:06 PM"
"1741335681920835608","udayasjbrana","Udaya Shumsher Rana","Udaya","Shumsher Rana","Happy Lohsar https://t.co/JSTvFIIWZr","406",0,9,0,1,0,false,false,false,"","",false,"en","Lalitpur, Nepal","Member of Federal Parliament; CWC Member Nepali Congress; Former Minister of State for Finance;
Former President Nepal Tarun Dal","","",23388,773,1351,3555,11080,36,0,23388,,,false,true,"https://pbs.twimg.com/profile_banners/2950355160/1512623843","https://www.twitter.com/udayasjbrana","https://pbs.twimg.com/profile_images/914143428862124033/zxV1nN7X_normal.jpg",false,true,"12/29/2014, 8:27:55 PM","12/31/2023, 11:34:13 AM"
"1741121639826514325","udayasjbrana","Udaya Shumsher Rana","Udaya","Shumsher Rana","Congratulations 🎊 Lalitpur City FC https://t.co/KBOH06KgYX","436",0,6,1,0,0,false,false,false,"","",false,"en","Lalitpur, Nepal","Member of Federal Parliament; CWC Member Nepali Congress; Former Minister of State for Finance;
Former President Nepal Tarun Dal","","",23388,773,1351,3555,11080,36,0,23388,,,false,true,"https://pbs.twimg.com/profile_banners/2950355160/1512623843","https://www.twitter.com/udayasjbrana","https://pbs.twimg.com/profile_images/914143428862124033/zxV1nN7X_normal.jpg",false,true,"12/29/2014, 8:27:55 PM","12/30/2023, 9:23:42 PM"
"1741068997007913466","udayasjbrana","Udaya Shumsher Rana","Udaya","Shumsher Rana","गोदामचौर 7A SIDE फुटबल प्रतियोगिता गो.न.पा-१ गोदामचौर र गोदावरी सामुदायिक पुस्तकालय स्रोत केन्द्रको छैटौं वार्षिक साधारण सभा तथा आधारभूत कम्प्युटर तालिमको प्रमाणपत्र वितरण कार्यक्रम ।
#Godavari 
#Football https://t.co/6EobJ2bBTF","336",0,8,0,0,0,false,false,false,"","",false,"ne","Lalitpur, Nepal","Member of Federal Parliament; CWC Member Nepali Congress; Former Minister of State for Finance;
Former President Nepal Tarun Dal","","",23388,773,1351,3555,11080,36,0,23388,,,false,true,"https://pbs.twimg.com/profile_banners/2950355160/1512623843","https://www.twitter.com/udayasjbrana","https://pbs.twimg.com/profile_images/914143428862124033/zxV1nN7X_normal.jpg",false,true,"12/29/2014, 8:27:55 PM","12/30/2023, 5:54:31 PM"
"1740989027665510613","udayasjbrana","Udaya Shumsher Rana","Udaya","Shumsher Rana","हिजो ललितपुरको बालकुमारी घटनामा मृत्यु भएका युवाका आफन्तलाई भेटे। कोरियन भाषाको परीक्षा फारम भर्न पाउनुपर्ने माग राखेर प्रदर्शनमा उत्रिएका भाइहरुको मृत्यु हुनु हृदयविदारक घटनाहो। म सरकारसङ्ग मृतकका परिवारको जीवनयापनको सम्पूर्ण जिम्मा लिन र यस्ता दुखद घटना दोहोरिन नदिन माग गर्दछ। https://t.co/E4TSLyvTiI","813",0,11,4,1,1,false,false,false,"","",false,"ne","Lalitpur, Nepal","Member of Federal Parliament; CWC Member Nepali Congress; Former Minister of State for Finance;
Former President Nepal Tarun Dal","","",23388,773,1351,3555,11080,36,0,23388,,,false,true,"https://pbs.twimg.com/profile_banners/2950355160/1512623843","https://www.twitter.com/udayasjbrana","https://pbs.twimg.com/profile_images/914143428862124033/zxV1nN7X_normal.jpg",false,true,"12/29/2014, 8:27:55 PM","12/30/2023, 12:36:44 PM"
"1740986541164597647","udayasjbrana","Udaya Shumsher Rana","Udaya","Shumsher Rana","Grateful to participate in Aviation Meet 2023, celebrating 25th Anniversary of @hello_CAANepal

Congratulations to organizers for fostering productive &amp; insightful discussion. 

A truly enriching experience where diverse perspectives converged for a successful exchange of ideas. https://t.co/inbrEu6uqA","328",0,4,0,0,0,false,false,false,"hello_CAANepal","",false,"en","Lalitpur, Nepal","Member of Federal Parliament; CWC Member Nepali Congress; Former Minister of State for Finance;
Former President Nepal Tarun Dal","","",23388,773,1351,3555,11080,36,0,23388,,,false,true,"https://pbs.twimg.com/profile_banners/2950355160/1512623843","https://www.twitter.com/udayasjbrana","https://pbs.twimg.com/profile_images/914143428862124033/zxV1nN7X_normal.jpg",false,true,"12/29/2014, 8:27:55 PM","12/30/2023, 12:26:52 PM"
"1740696301044707733","udayasjbrana","Udaya Shumsher Rana","Udaya","Shumsher Rana","RT @iids1979: *IIDS Policy Conclave 2023: Panel Discussion on 'Economic Reform'*

Panellists: Hon. Mr. Udaya Shumsher Rana, Mr. Baburam Sub…",0,0,0,0,2,0,false,false,false,"iids1979","",false,"in","Lalitpur, Nepal","Member of Federal Parliament; CWC Member Nepali Congress; Former Minister of State for Finance;
Former President Nepal Tarun Dal","","",23388,773,1351,3555,11080,36,0,23388,,,false,true,"https://pbs.twimg.com/profile_banners/2950355160/1512623843","https://www.twitter.com/udayasjbrana","https://pbs.twimg.com/profile_images/914143428862124033/zxV1nN7X_normal.jpg",false,true,"12/29/2014, 8:27:55 PM","12/29/2023, 5:13:33 PM"
"1740390714624881104","udayasjbrana","Udaya Shumsher Rana","Udaya","Shumsher Rana","अब उपाधिका लागि एक कदम बाँकी..
नेपाल सुपर लिगमा आज भएको खेलमा पोखरा थन्डर्सलाई हराएर फाइनल प्रवेश गरेको ललितपुर सिटीलाई हार्दिक बधाई । अब प्रतिक्षा उपाधिको । ललितपुर सिटीलाई अन्तिम खेलमा नि जितको शुभकामना 🙏

#Nepalifootball
#lalitpurcityfc
#nepalsuperleauge https://t.co/4mEzOLxf3C","419",0,4,2,0,0,false,false,false,"","",false,"ne","Lalitpur, Nepal","Member of Federal Parliament; CWC Member Nepali Congress; Former Minister of State for Finance;
Former President Nepal Tarun Dal","","",23388,773,1351,3555,11080,36,0,23388,,,false,true,"https://pbs.twimg.com/profile_banners/2950355160/1512623843","https://www.twitter.com/udayasjbrana","https://pbs.twimg.com/profile_images/914143428862124033/zxV1nN7X_normal.jpg",false,true,"12/29/2014, 8:27:55 PM","12/28/2023, 8:59:15 PM"
"1739670348004753894","udayasjbrana","Udaya Shumsher Rana","Udaya","Shumsher Rana","हार्दिक बधाई ललितपुर सिटीलाई 🙏
डिफेन्डिङ च्याम्पियन काठमाडौं रेजर्सलाई हराउँदै नेपाल सुपर लिगको क्वालिफायर प्रवेश गरेकोमा ललितपुर सिटीलाई धेरै धेरै बधाई । आजको उत्कृष्ट खेलका लागि बधाई । आगामी खेलमा पनि जितको शुभकामना ।
#Nepalifootball
#lalitpurcityfc
#nepalsuperleauge https://t.co/8EULg1j0GY","353",0,5,0,0,0,false,false,false,"","",false,"ne","Lalitpur, Nepal","Member of Federal Parliament; CWC Member Nepali Congress; Former Minister of State for Finance;
Former President Nepal Tarun Dal","","",23388,773,1351,3555,11080,36,0,23388,,,false,true,"https://pbs.twimg.com/profile_banners/2950355160/1512623843","https://www.twitter.com/udayasjbrana","https://pbs.twimg.com/profile_images/914143428862124033/zxV1nN7X_normal.jpg",false,true,"12/29/2014, 8:27:55 PM","12/26/2023, 9:16:47 PM"
"1739255530978513122","udayasjbrana","Udaya Shumsher Rana","Udaya","Shumsher Rana","भूकम्प प्रभावित क्षेत्रमा सरकारले पुनर्निर्माण कार्य अगाडि बढाउनुपर्छ : उदय शमशेर 

https://t.co/s1GrPNt5gs","775",0,13,1,2,1,false,false,false,"","https://nepalmanch.com/139832/?fbclid=IwAR1FsJrJQChEqCMVl3KxOAp_AzdPjahca50rjyviA4OYhRtgpGzsjhAhSW0",false,"ne","Lalitpur, Nepal","Member of Federal Parliament; CWC Member Nepali Congress; Former Minister of State for Finance;
Former President Nepal Tarun Dal","","",23388,773,1351,3555,11080,36,0,23388,,,false,true,"https://pbs.twimg.com/profile_banners/2950355160/1512623843","https://www.twitter.com/udayasjbrana","https://pbs.twimg.com/profile_images/914143428862124033/zxV1nN7X_normal.jpg",false,true,"12/29/2014, 8:27:55 PM","12/25/2023, 5:48:27 PM"
"1739117367530258785","udayasjbrana","Udaya Shumsher Rana","Udaya","Shumsher Rana","Merry Christmas https://t.co/RYoW0x1utE","272",0,3,0,0,0,false,false,false,"","",false,"et","Lalitpur, Nepal","Member of Federal Parliament; CWC Member Nepali Congress; Former Minister of State for Finance;
Former President Nepal Tarun Dal","","",23388,773,1351,3555,11080,36,0,23388,,,false,true,"https://pbs.twimg.com/profile_banners/2950355160/1512623843","https://www.twitter.com/udayasjbrana","https://pbs.twimg.com/profile_images/914143428862124033/zxV1nN7X_normal.jpg",false,true,"12/29/2014, 8:27:55 PM","12/25/2023, 8:39:26 AM"
"1737443272782725249","udayasjbrana","Udaya Shumsher Rana","Udaya","Shumsher Rana","अन्तर्राष्ट्रिय पर्यटन समितिको सहजीकरण उपसमितिकाे बैठकमा उड्डयन विज्ञहरूसङ्ग छलफल गरेकाछौं। हवाइ सुरक्षा, नेपाल एयरलाइन्स र नागरिक उड्डयन प्राधिकरणका कामकारबाहीलाई प्रभावकारी बनाउने महत्वपूर्ण सुझाव आएकाछन्। छिट्टै समितिले सरकारलाई यसबारेमा लिखित सुझाव दिनेछ। @hello_CAANepal https://t.co/2rvdborvzf","471",0,6,1,0,0,false,false,false,"hello_CAANepal","",false,"ne","Lalitpur, Nepal","Member of Federal Parliament; CWC Member Nepali Congress; Former Minister of State for Finance;
Former President Nepal Tarun Dal","","",23388,773,1351,3555,11080,36,0,23388,,,false,true,"https://pbs.twimg.com/profile_banners/2950355160/1512623843","https://www.twitter.com/udayasjbrana","https://pbs.twimg.com/profile_images/914143428862124033/zxV1nN7X_normal.jpg",false,true,"12/29/2014, 8:27:55 PM","12/20/2023, 5:47:11 PM"
"1735060577532395623","udayasjbrana","Udaya Shumsher Rana","Udaya","Shumsher Rana","Congratulations Ayush. Blessings Always @ayushsjbrana @MonashUni https://t.co/uEBo3AQHIE","784",0,14,5,0,0,false,false,false,"ayushsjbrana; MonashUni","",false,"en","Lalitpur, Nepal","Member of Federal Parliament; CWC Member Nepali Congress; Former Minister of State for Finance;
Former President Nepal Tarun Dal","","",23388,773,1351,3555,11080,36,0,23388,,,false,true,"https://pbs.twimg.com/profile_banners/2950355160/1512623843","https://www.twitter.com/udayasjbrana","https://pbs.twimg.com/profile_images/914143428862124033/zxV1nN7X_normal.jpg",false,true,"12/29/2014, 8:27:55 PM","12/14/2023, 3:59:12 AM"
"1733842651819151470","udayasjbrana","Udaya Shumsher Rana","Udaya","Shumsher Rana","At an interaction program organised by Nepal People's Coordination Committee, Queensland Australia (Nepal Jansamparta Samiti) at Brisbane. Fruitful interaction with NRN leaders &amp; diaspora community. Thank you to the organisers for the event
#NRNAAustralia 
#NRN 
#nepalaustralia https://t.co/XdZDJgxRL4","489",0,8,1,2,0,false,false,false,"","",false,"en","Lalitpur, Nepal","Member of Federal Parliament; CWC Member Nepali Congress; Former Minister of State for Finance;
Former President Nepal Tarun Dal","","",23388,773,1351,3555,11080,36,0,23388,,,false,true,"https://pbs.twimg.com/profile_banners/2950355160/1512623843","https://www.twitter.com/udayasjbrana","https://pbs.twimg.com/profile_images/914143428862124033/zxV1nN7X_normal.jpg",false,true,"12/29/2014, 8:27:55 PM","12/10/2023, 7:19:36 PM"
"1733255292731973656","udayasjbrana","Udaya Shumsher Rana","Udaya","Shumsher Rana","Interaction program organised by Nepal People's Coordination Committee Australia (Nepal Jansamparta Samiti) and seperate meetings with various NRN leaders and diaspora community of Sydney. https://t.co/a1lcycQ5bn","425",0,3,1,0,0,false,false,false,"","",false,"en","Lalitpur, Nepal","Member of Federal Parliament; CWC Member Nepali Congress; Former Minister of State for Finance;
Former President Nepal Tarun Dal","","",23388,773,1351,3555,11080,36,0,23388,,,false,true,"https://pbs.twimg.com/profile_banners/2950355160/1512623843","https://www.twitter.com/udayasjbrana","https://pbs.twimg.com/profile_images/914143428862124033/zxV1nN7X_normal.jpg",false,true,"12/29/2014, 8:27:55 PM","12/9/2023, 4:25:38 AM"
"1732259039785164830","udayasjbrana","Udaya Shumsher Rana","Udaya","Shumsher Rana","Look forward to seeing you all... https://t.co/fFyYhkLhbC","634",0,9,1,0,0,false,false,false,"","",false,"en","Lalitpur, Nepal","Member of Federal Parliament; CWC Member Nepali Congress; Former Minister of State for Finance;
Former President Nepal Tarun Dal","","",23388,773,1351,3555,11080,36,0,23388,,,false,true,"https://pbs.twimg.com/profile_banners/2950355160/1512623843","https://www.twitter.com/udayasjbrana","https://pbs.twimg.com/profile_images/914143428862124033/zxV1nN7X_normal.jpg",false,true,"12/29/2014, 8:27:55 PM","12/6/2023, 10:26:53 AM"
"1728787937129632188","udayasjbrana","Udaya Shumsher Rana","Udaya","Shumsher Rana","Attended program at historic Lohan Chowk, Hanuman Dhoka, organized by @MofaNepal to commemorate 100 yrs of the Nepal-UK Friendship Treaty of 1923 

Treaty, signed on 21st Dec 1923, was a milestone in Nepal's political history as it formally recognized Nepal's independent status. https://t.co/UgBZYkkJCF","550",0,6,0,0,0,false,false,false,"MofaNepal","",false,"en","Lalitpur, Nepal","Member of Federal Parliament; CWC Member Nepali Congress; Former Minister of State for Finance;
Former President Nepal Tarun Dal","","",23388,773,1351,3555,11080,36,0,23388,,,false,true,"https://pbs.twimg.com/profile_banners/2950355160/1512623843","https://www.twitter.com/udayasjbrana","https://pbs.twimg.com/profile_images/914143428862124033/zxV1nN7X_normal.jpg",false,true,"12/29/2014, 8:27:55 PM","11/26/2023, 8:33:58 PM"
"1727683530434678934","udayasjbrana","Udaya Shumsher Rana","Udaya","Shumsher Rana","हरिबोधनी एकादशी ।  उपत्यकाकाे चार नारायण मध्य माइलाे नारायण गोदावरी नगरपालिका वडा नं.२ स्थित  बिशंखुनारायण मन्दिर दर्शन । https://t.co/7TKiRUGeMN","669",0,16,1,2,0,false,false,false,"","",false,"ne","Lalitpur, Nepal","Member of Federal Parliament; CWC Member Nepali Congress; Former Minister of State for Finance;
Former President Nepal Tarun Dal","","",23388,773,1351,3555,11080,36,0,23388,,,false,true,"https://pbs.twimg.com/profile_banners/2950355160/1512623843","https://www.twitter.com/udayasjbrana","https://pbs.twimg.com/profile_images/914143428862124033/zxV1nN7X_normal.jpg",false,true,"12/29/2014, 8:27:55 PM","11/23/2023, 7:25:27 PM"
"1726956809620279560","udayasjbrana","Udaya Shumsher Rana","Udaya","Shumsher Rana","All the best team Nepal for FIFA World Cup Second Round Qualifiers vs Yemen
#WorldCupQualifiers 
#FIFA
#ANFA
#Nepalfootball https://t.co/ZdvLkpa47D","529",0,5,0,0,0,false,false,false,"","",false,"en","Lalitpur, Nepal","Member of Federal Parliament; CWC Member Nepali Congress; Former Minister of State for Finance;
Former President Nepal Tarun Dal","","",23388,773,1351,3555,11080,36,0,23388,,,false,true,"https://pbs.twimg.com/profile_banners/2950355160/1512623843","https://www.twitter.com/udayasjbrana","https://pbs.twimg.com/profile_images/914143428862124033/zxV1nN7X_normal.jpg",false,true,"12/29/2014, 8:27:55 PM","11/21/2023, 7:17:43 PM"
"1726044306899882328","udayasjbrana","Udaya Shumsher Rana","Udaya","Shumsher Rana","https://t.co/xQDtBktVha","534",0,11,0,0,0,false,false,false,"","",false,"zxx","Lalitpur, Nepal","Member of Federal Parliament; CWC Member Nepali Congress; Former Minister of State for Finance;
Former President Nepal Tarun Dal","","",23388,773,1351,3555,11080,36,0,23388,,,false,true,"https://pbs.twimg.com/profile_banners/2950355160/1512623843","https://www.twitter.com/udayasjbrana","https://pbs.twimg.com/profile_images/914143428862124033/zxV1nN7X_normal.jpg",false,true,"12/29/2014, 8:27:55 PM","11/19/2023, 6:51:45 AM"
"1724658419871936803","udayasjbrana","Udaya Shumsher Rana","Udaya","Shumsher Rana","https://t.co/ruN6p89vLE","794",0,20,1,0,0,false,false,false,"","",false,"zxx","Lalitpur, Nepal","Member of Federal Parliament; CWC Member Nepali Congress; Former Minister of State for Finance;
Former President Nepal Tarun Dal","","",23388,773,1351,3555,11080,36,0,23388,,,false,true,"https://pbs.twimg.com/profile_banners/2950355160/1512623843","https://www.twitter.com/udayasjbrana","https://pbs.twimg.com/profile_images/914143428862124033/zxV1nN7X_normal.jpg",false,true,"12/29/2014, 8:27:55 PM","11/15/2023, 11:04:44 AM"
"1724439593007669565","udayasjbrana","Udaya Shumsher Rana","Udaya","Shumsher Rana","नयाँ किरण नेपालद्वारा नेपाल सम्वत् ११४४, न्हुदया भिन्तुनाको अवसरमा गोदावरी नगरपालिका वडा नम्बर ११ चापागाउँमा आयोजित भिन्तुना र्यालीमा सहभागी हुँदै। https://t.co/tbVgKAVdO4","657",1,15,1,1,0,false,false,false,"","",false,"ne","Lalitpur, Nepal","Member of Federal Parliament; CWC Member Nepali Congress; Former Minister of State for Finance;
Former President Nepal Tarun Dal","","",23388,773,1351,3555,11080,36,0,23388,,,false,true,"https://pbs.twimg.com/profile_banners/2950355160/1512623843","https://www.twitter.com/udayasjbrana","https://pbs.twimg.com/profile_images/914143428862124033/zxV1nN7X_normal.jpg",false,true,"12/29/2014, 8:27:55 PM","11/14/2023, 8:35:12 PM"
"1724231341020233959","udayasjbrana","Udaya Shumsher Rana","Udaya","Shumsher Rana","न्हुँद ११४४ या भिन्तुना https://t.co/RJWsJs6RwQ","1275",0,22,1,2,0,false,false,false,"","",false,"ne","Lalitpur, Nepal","Member of Federal Parliament; CWC Member Nepali Congress; Former Minister of State for Finance;
Former President Nepal Tarun Dal","","",23388,773,1351,3555,11080,36,0,23388,,,false,true,"https://pbs.twimg.com/profile_banners/2950355160/1512623843","https://www.twitter.com/udayasjbrana","https://pbs.twimg.com/profile_images/914143428862124033/zxV1nN7X_normal.jpg",false,true,"12/29/2014, 8:27:55 PM","11/14/2023, 6:47:41 AM"
"1723700129419722862","udayasjbrana","Udaya Shumsher Rana","Udaya","Shumsher Rana","हाम्रो तर्फबाट सबैलाई दीपावलीको शुभकामना।

Love, Light, Peace and Prosperity to all of you... Happy Diwali. https://t.co/sGhNXsEwRW","3980",0,105,8,1,0,false,false,false,"","",false,"und","Lalitpur, Nepal","Member of Federal Parliament; CWC Member Nepali Congress; Former Minister of State for Finance;
Former President Nepal Tarun Dal","","",23388,773,1351,3555,11080,36,0,23388,,,false,true,"https://pbs.twimg.com/profile_banners/2950355160/1512623843","https://www.twitter.com/udayasjbrana","https://pbs.twimg.com/profile_images/914143428862124033/zxV1nN7X_normal.jpg",false,true,"12/29/2014, 8:27:55 PM","11/12/2023, 7:36:50 PM"
"1723372314845208648","udayasjbrana","Udaya Shumsher Rana","Udaya","Shumsher Rana","नेपाली कांग्रेस गुल्मी तथा पाल्पाका साथीहरू संग जिल्ला पार्टी कार्यालयहरूमा भेटघाट तथा छलफल कार्यक्रम । https://t.co/HyAYoGuc1D","395",0,11,0,0,0,false,false,false,"","",false,"ne","Lalitpur, Nepal","Member of Federal Parliament; CWC Member Nepali Congress; Former Minister of State for Finance;
Former President Nepal Tarun Dal","","",23388,773,1351,3555,11080,36,0,23388,,,false,true,"https://pbs.twimg.com/profile_banners/2950355160/1512623843","https://www.twitter.com/udayasjbrana","https://pbs.twimg.com/profile_images/914143428862124033/zxV1nN7X_normal.jpg",false,true,"12/29/2014, 8:27:55 PM","11/11/2023, 9:54:13 PM"
"1723204730057531735","udayasjbrana","Udaya Shumsher Rana","Udaya","Shumsher Rana","https://t.co/HwdqN6nBIz","313",0,6,0,0,0,false,false,false,"","",false,"zxx","Lalitpur, Nepal","Member of Federal Parliament; CWC Member Nepali Congress; Former Minister of State for Finance;
Former President Nepal Tarun Dal","","",23388,773,1351,3555,11080,36,0,23388,,,false,true,"https://pbs.twimg.com/profile_banners/2950355160/1512623843","https://www.twitter.com/udayasjbrana","https://pbs.twimg.com/profile_images/914143428862124033/zxV1nN7X_normal.jpg",false,true,"12/29/2014, 8:27:55 PM","11/11/2023, 10:48:17 AM"
"1723165825396617683","udayasjbrana","Udaya Shumsher Rana","Udaya","Shumsher Rana","गुल्मी उद्योगसंघले आयोजना गरेको प्रथम गुल्मी महोत्सवमा लगानी सम्भाव्यता कार्यशाला गोष्ठीमा मेरोतर्फबाट कार्यपत्र पेश गरे । ग्रामिण अर्थतन्त्र चलायमान बनाउन महत्त्वपूर्ण योगदान रहन्छ। 
मलाई महोत्सवमा निम्तो गर्नुभएकोमा आयोजक साथीहरूप्रति आभारी। महोत्सवको भव्य सफलताको शुभकामना https://t.co/ZU0SCrfMNN","262",0,7,0,0,0,false,false,false,"","",false,"ne","Lalitpur, Nepal","Member of Federal Parliament; CWC Member Nepali Congress; Former Minister of State for Finance;
Former President Nepal Tarun Dal","","",23388,773,1351,3555,11080,36,0,23388,,,false,true,"https://pbs.twimg.com/profile_banners/2950355160/1512623843","https://www.twitter.com/udayasjbrana","https://pbs.twimg.com/profile_images/914143428862124033/zxV1nN7X_normal.jpg",false,true,"12/29/2014, 8:27:55 PM","11/11/2023, 8:13:42 AM"
"1722868439034069051","udayasjbrana","Udaya Shumsher Rana","Udaya","Shumsher Rana","कस्तो गज्जब संयोग...
नेपाली राजनीतिका दुई आदर्श व्यक्तित्व नेपाली कांग्रेसका संस्थापक स्वर्गीय सुवर्ण शम्शेर र गणेशमान सिंहप्रति श्रद्धासुमन। प्रजातान्त्रिक आन्दोलनमा ऐतिहासिक योगदान दिनुभएका सुवर्ण शम्शेरको आज ४६ औं स्मृति दिवस हो भने गणेशमान सिंहको १०८औं जन्मजयन्ती। 
जय नेपाल https://t.co/NaKdSJ4LTe","3445",0,71,10,10,1,false,false,false,"","",false,"ne","Lalitpur, Nepal","Member of Federal Parliament; CWC Member Nepali Congress; Former Minister of State for Finance;
Former President Nepal Tarun Dal","","",23388,773,1351,3555,11080,36,0,23388,,,false,true,"https://pbs.twimg.com/profile_banners/2950355160/1512623843","https://www.twitter.com/udayasjbrana","https://pbs.twimg.com/profile_images/914143428862124033/zxV1nN7X_normal.jpg",false,true,"12/29/2014, 8:27:55 PM","11/10/2023, 12:31:59 PM"
"1722245738892247392","udayasjbrana","Udaya Shumsher Rana","Udaya","Shumsher Rana","महांकाल गाउँपालिकाद्वारा आयोजित दोस्रो रनिङ शिल्ड फुटबल प्रतियाेगिता आजबाट सुरु भएको छ । खेलमा २६ वटा टीम सहभागी छन् । यो प्रतिस्पर्धामा रहनुभएका सबै खेलाडीहरूलाई शुभकामना! https://t.co/tGkYNqIf48","448",0,11,0,0,0,false,false,false,"","",false,"ne","Lalitpur, Nepal","Member of Federal Parliament; CWC Member Nepali Congress; Former Minister of State for Finance;
Former President Nepal Tarun Dal","","",23388,773,1351,3555,11080,36,0,23388,,,false,true,"https://pbs.twimg.com/profile_banners/2950355160/1512623843","https://www.twitter.com/udayasjbrana","https://pbs.twimg.com/profile_images/914143428862124033/zxV1nN7X_normal.jpg",false,true,"12/29/2014, 8:27:55 PM","11/8/2023, 7:17:36 PM"
"1720620872187117851","udayasjbrana","Udaya Shumsher Rana","Udaya","Shumsher Rana","जाजरकोट केन्द्रबिन्दु भएर गएको भूकम्पले ठूलो जनधनको क्षती भएको खबरले अत्यन्तै दुखी छु । म नेपाल सरकार, प्रदेश सरकार र स्थानीय सरकारसङ्गै सबैलाई उद्धारमा जुट्न र राहत सङ्गसङ्गै पुनर्स्थापनाको व्यवस्था मिलाउन आग्रह गर्दछु ।","457",0,4,0,1,0,false,false,false,"","",false,"ne","Lalitpur, Nepal","Member of Federal Parliament; CWC Member Nepali Congress; Former Minister of State for Finance;
Former President Nepal Tarun Dal","","",23388,773,1351,3555,11080,36,0,23388,,,false,true,"https://pbs.twimg.com/profile_banners/2950355160/1512623843","https://www.twitter.com/udayasjbrana","https://pbs.twimg.com/profile_images/914143428862124033/zxV1nN7X_normal.jpg",false,true,"12/29/2014, 8:27:55 PM","11/4/2023, 7:40:58 AM"
"1720620589608554863","udayasjbrana","Udaya Shumsher Rana","Udaya","Shumsher Rana","नेपाली कांग्रेस ताप्लेजुङ जिल्लाको सम्मेलन सम्पन्न भएको छ। जिल्लाको महत्वपुर्ण कार्यक्रममा मलाई सहभागि हुने अवसर प्रदान गर्नुहुने साथीहरु प्रति आभारी छु। साथै ताप्लेजुङमा महासमिति सदस्य चयनको प्रकृया पनि सुरु भएको छ। सम्पुर्ण प्रतिस्पर्धी साथीहरुलाई अग्रिम शुभकामना। जय नेपाल ! https://t.co/YFysEtW3Dr","262",0,3,0,0,0,false,false,false,"","",false,"ne","Lalitpur, Nepal","Member of Federal Parliament; CWC Member Nepali Congress; Former Minister of State for Finance;
Former President Nepal Tarun Dal","","",23388,773,1351,3555,11080,36,0,23388,,,false,true,"https://pbs.twimg.com/profile_banners/2950355160/1512623843","https://www.twitter.com/udayasjbrana","https://pbs.twimg.com/profile_images/914143428862124033/zxV1nN7X_normal.jpg",false,true,"12/29/2014, 8:27:55 PM","11/4/2023, 7:39:50 AM"
"1720365781001839028","udayasjbrana","Udaya Shumsher Rana","Udaya","Shumsher Rana","CONGRATULATIONS Team Nepal 🇳🇵
Nepal qualifies for ICC T20 WORLD CUP 2024.
Well played &amp; proud moment for all of us. https://t.co/paehIN43ZP","543",0,14,0,0,0,false,false,false,"","",false,"en","Lalitpur, Nepal","Member of Federal Parliament; CWC Member Nepali Congress; Former Minister of State for Finance;
Former President Nepal Tarun Dal","","",23388,773,1351,3555,11080,36,0,23388,,,false,true,"https://pbs.twimg.com/profile_banners/2950355160/1512623843","https://www.twitter.com/udayasjbrana","https://pbs.twimg.com/profile_images/914143428862124033/zxV1nN7X_normal.jpg",false,true,"12/29/2014, 8:27:55 PM","11/3/2023, 2:47:19 PM"