tweet_id,username,name,first_name,last_name,full_text,view_count,bookmark_count,favorite_count,reply_count,retweet_count,quote_count,bookmarked,favorited,retweeted,user_mentions,url_mentions,is_quote_status,lang,location,bio,website,websites,followers_count,following_count,media_count,statuses_count,favourites_count,listed_count,fast_followers_count,normal_followers_count,followed_by,following,can_dm,can_media_tag,profile_banner_url,profile_url,avatar_url,verified,is_blue_verified,user_created_at,created_at
1.60218E+18,MaMaheshBasnet,Mahesh Basnet,Mahesh,Basnet,"हिजो एमालेको सरकार ढाल्न  परमादेश ,एमाले फोर्न अध्यादेश 
आज सरकार बनाउने स्वार्थको लागी, अपराधी छुटाउन अध्यादेश ,
 नाम रेशम चौधरीको , प्रयोजन अफ्ताब आलमको ।
 देउवा सरकारको उपहार  अध्यादेश, परमाधेश को बहार । 
सचेत बनौं, खबरदारी गरौं।।",0,1,72,11,7,0,FALSE,FALSE,FALSE,,,FALSE,ne,"Bhaktapur, Nepal","Former Member: House of Representative, Ex-Minister, Politburo Member of CPN UML.",https://maheshbasnet.com.np,https://maheshbasnet.com.np,14882,289,106,619,162,33,0,14882,,,FALSE,FALSE,https://pbs.twimg.com/profile_banners/4098393255/1666044578,https://www.twitter.com/MaMaheshBasnet,https://pbs.twimg.com/profile_images/1249403756153733120/r6Qjxl1v_normal.jpg,FALSE,FALSE,"11/2/2015, 10:17:26 PM","12/12/2022, 11:42:37 AM"
1.59126E+18,MaMaheshBasnet,Mahesh Basnet,Mahesh,Basnet,"नेपाली क्रिकेट टिमको क्याप्टेन हुनुभएकोमा रोहित पौडेललाई हार्दिक बधाई ! उहाँको नेतृत्वमा नेपाली क्रिकेटले अझ सफलता प्राप्त गरोस्, सफल कार्यकालको शुभकामना । https://t.co/No3i3H9mWR",0,0,23,1,0,1,FALSE,FALSE,FALSE,,,FALSE,ne,"Bhaktapur, Nepal","Former Member: House of Representative, Ex-Minister, Politburo Member of CPN UML.",https://maheshbasnet.com.np,https://maheshbasnet.com.np,14882,289,106,619,162,33,0,14882,,,FALSE,FALSE,https://pbs.twimg.com/profile_banners/4098393255/1666044578,https://www.twitter.com/MaMaheshBasnet,https://pbs.twimg.com/profile_images/1249403756153733120/r6Qjxl1v_normal.jpg,FALSE,FALSE,"11/2/2015, 10:17:26 PM","11/12/2022, 8:16:39 AM"
1.58618E+18,MaMaheshBasnet,Mahesh Basnet,Mahesh,Basnet,छठ पर्व २०७९ को हार्दिक शुभकामना । https://t.co/LtuZKcdfWb,0,0,29,4,0,0,FALSE,FALSE,FALSE,,,FALSE,hi,"Bhaktapur, Nepal","Former Member: House of Representative, Ex-Minister, Politburo Member of CPN UML.",https://maheshbasnet.com.np,https://maheshbasnet.com.np,14882,289,106,619,162,33,0,14882,,,FALSE,FALSE,https://pbs.twimg.com/profile_banners/4098393255/1666044578,https://www.twitter.com/MaMaheshBasnet,https://pbs.twimg.com/profile_images/1249403756153733120/r6Qjxl1v_normal.jpg,FALSE,FALSE,"11/2/2015, 10:17:26 PM","10/29/2022, 7:44:54 AM"
1.58554E+18,MaMaheshBasnet,Mahesh Basnet,Mahesh,Basnet,थिमि बाट ३ न वडा कार्यालय बालकोट जाने सडक । https://t.co/HD6gVIyT2E,0,0,45,7,4,1,FALSE,FALSE,FALSE,,,FALSE,ne,"Bhaktapur, Nepal","Former Member: House of Representative, Ex-Minister, Politburo Member of CPN UML.",https://maheshbasnet.com.np,https://maheshbasnet.com.np,14882,289,106,619,162,33,0,14882,,,FALSE,FALSE,https://pbs.twimg.com/profile_banners/4098393255/1666044578,https://www.twitter.com/MaMaheshBasnet,https://pbs.twimg.com/profile_images/1249403756153733120/r6Qjxl1v_normal.jpg,FALSE,FALSE,"11/2/2015, 10:17:26 PM","10/27/2022, 1:27:26 PM"
1.58554E+18,MaMaheshBasnet,Mahesh Basnet,Mahesh,Basnet,"आज भाइ टिकाको पावन दिन बहिनीहरु राधा थापा बस्नेत, शोभा कार्की बस्नेत र शारदा खनाल बस्नेतको हात बाट टिका ग्रहण गरियो । https://t.co/YUEpFhNdja",0,0,136,8,3,2,FALSE,FALSE,FALSE,,,FALSE,ne,"Bhaktapur, Nepal","Former Member: House of Representative, Ex-Minister, Politburo Member of CPN UML.",https://maheshbasnet.com.np,https://maheshbasnet.com.np,14882,289,106,619,162,33,0,14882,,,FALSE,FALSE,https://pbs.twimg.com/profile_banners/4098393255/1666044578,https://www.twitter.com/MaMaheshBasnet,https://pbs.twimg.com/profile_images/1249403756153733120/r6Qjxl1v_normal.jpg,FALSE,FALSE,"11/2/2015, 10:17:26 PM","10/27/2022, 1:23:58 PM"
1.58257E+18,MaMaheshBasnet,Mahesh Basnet,Mahesh,Basnet,"मनको बिश्वासलाई मतमा बदलौं, सुर्य चिन्हमा मतदान गरौं । 
#VoteForSun #VoteForKiran https://t.co/b5ZZnBXkm2",0,0,12,2,0,0,FALSE,FALSE,FALSE,,,FALSE,ne,"Bhaktapur, Nepal","Former Member: House of Representative, Ex-Minister, Politburo Member of CPN UML.",https://maheshbasnet.com.np,https://maheshbasnet.com.np,14882,289,106,619,162,33,0,14882,,,FALSE,FALSE,https://pbs.twimg.com/profile_banners/4098393255/1666044578,https://www.twitter.com/MaMaheshBasnet,https://pbs.twimg.com/profile_images/1249403756153733120/r6Qjxl1v_normal.jpg,FALSE,FALSE,"11/2/2015, 10:17:26 PM","10/19/2022, 8:56:23 AM"
1.58147E+18,MaMaheshBasnet,Mahesh Basnet,Mahesh,Basnet,दु:खद समाचार शताब्दी  पुरुष आदरणिय सत्य मोहन जोशी प्रति भावपुर्ण  श्रद्धाञ्जली 🙏🙏 । https://t.co/7cNwlvdqGN,0,0,10,3,1,0,FALSE,FALSE,FALSE,,,FALSE,ne,"Bhaktapur, Nepal","Former Member: House of Representative, Ex-Minister, Politburo Member of CPN UML.",https://maheshbasnet.com.np,https://maheshbasnet.com.np,14882,289,106,619,162,33,0,14882,,,FALSE,FALSE,https://pbs.twimg.com/profile_banners/4098393255/1666044578,https://www.twitter.com/MaMaheshBasnet,https://pbs.twimg.com/profile_images/1249403756153733120/r6Qjxl1v_normal.jpg,FALSE,FALSE,"11/2/2015, 10:17:26 PM","10/16/2022, 8:09:50 AM"
1.54198E+18,MaMaheshBasnet,Mahesh Basnet,Mahesh,Basnet,"आज असार १५,दहिच्युरा खाने दिन अर्थात 
१९ औं राष्ट्रिय धान दिवस तथा रोपाइँ महोत्सवको अवसरमा हार्दिक शुभकामना व्यक्त गर्दछु। https://t.co/BOvOpc3tyA",0,0,16,10,0,0,FALSE,FALSE,FALSE,,,FALSE,ne,"Bhaktapur, Nepal","Former Member: House of Representative, Ex-Minister, Politburo Member of CPN UML.",https://maheshbasnet.com.np,https://maheshbasnet.com.np,14882,289,106,619,162,33,0,14882,,,FALSE,FALSE,https://pbs.twimg.com/profile_banners/4098393255/1666044578,https://www.twitter.com/MaMaheshBasnet,https://pbs.twimg.com/profile_images/1249403756153733120/r6Qjxl1v_normal.jpg,FALSE,FALSE,"11/2/2015, 10:17:26 PM","6/29/2022, 8:55:02 AM"
1.53296E+18,MaMaheshBasnet,Mahesh Basnet,Mahesh,Basnet,"सि डिभजन बाट बि डिभिजनमा पुग्न सफल भएकोमा पाल्निङ बाईज युनाईटेड क्लब, सम्पुर्ण खेलाडिहरुमा हार्दिक बधाई, महत्वपूर्ण भुमिका निर्वाहगरी क्लबलाई सफल बानाउन लागिपर्नु भएका अध्यक्ष दावा लामा लगायत सम्पुर्णमा हार्दिक धन्यबाद सहित बधाई, आगामि दिनमा यसैगरि सफल हुदै जानुहोला शुभकामना । https://t.co/k9Y1b8alOf",0,0,9,1,1,0,FALSE,FALSE,FALSE,,,FALSE,ne,"Bhaktapur, Nepal","Former Member: House of Representative, Ex-Minister, Politburo Member of CPN UML.",https://maheshbasnet.com.np,https://maheshbasnet.com.np,14882,289,106,619,162,33,0,14882,,,FALSE,FALSE,https://pbs.twimg.com/profile_banners/4098393255/1666044578,https://www.twitter.com/MaMaheshBasnet,https://pbs.twimg.com/profile_images/1249403756153733120/r6Qjxl1v_normal.jpg,FALSE,FALSE,"11/2/2015, 10:17:26 PM","6/4/2022, 11:25:54 AM"
1.53076E+18,MaMaheshBasnet,Mahesh Basnet,Mahesh,Basnet,"१५ अौ ऐतिहासिक गणतन्त्र दिवसको अवसरमा मुलुकको अखण्डता,राष्ट्रिय सार्वभौमिकता,स्वाधीनता र राष्ट्रिय एकतालाई अझ सुदृढ गर्दै सामाजिक न्यायसहितको समृध्दि हासिल गर्ने बाटोमा अघि बढ्न सबै नेपालीहरुलाई उत्प्रेरणा मिलोस भन्ने कामना सहित हार्दिक शुभकामना व्यक्त गर्दछु। https://t.co/jyF0vXSj4Y",0,0,16,5,2,1,FALSE,FALSE,FALSE,,,FALSE,ne,"Bhaktapur, Nepal","Former Member: House of Representative, Ex-Minister, Politburo Member of CPN UML.",https://maheshbasnet.com.np,https://maheshbasnet.com.np,14882,289,106,619,162,33,0,14882,,,FALSE,FALSE,https://pbs.twimg.com/profile_banners/4098393255/1666044578,https://www.twitter.com/MaMaheshBasnet,https://pbs.twimg.com/profile_images/1249403756153733120/r6Qjxl1v_normal.jpg,FALSE,FALSE,"11/2/2015, 10:17:26 PM","5/29/2022, 9:52:53 AM"
1.51431E+18,MaMaheshBasnet,Mahesh Basnet,Mahesh,Basnet,नव बर्ष २०७९ को हार्दिक शुभकामना https://t.co/Smr3b2Ucqz,0,0,40,2,0,1,FALSE,FALSE,FALSE,,,FALSE,hi,"Bhaktapur, Nepal","Former Member: House of Representative, Ex-Minister, Politburo Member of CPN UML.",https://maheshbasnet.com.np,https://maheshbasnet.com.np,14882,289,106,619,162,33,0,14882,,,FALSE,FALSE,https://pbs.twimg.com/profile_banners/4098393255/1666044578,https://www.twitter.com/MaMaheshBasnet,https://pbs.twimg.com/profile_images/1249403756153733120/r6Qjxl1v_normal.jpg,FALSE,FALSE,"11/2/2015, 10:17:26 PM","4/14/2022, 12:10:14 AM"
1.51029E+18,MaMaheshBasnet,Mahesh Basnet,Mahesh,Basnet,"नेपाल, मलेसिया र पपुवा न्यूगिनी (पीएनजी) सम्मिलित शृंखलामा अपराजित रहँदै शीर्षस्थानमा, हार्दिक बधाई नेपाली राष्ट्रिय क्रिकेट टोलिलाई । #NEPvsMAL https://t.co/Z3vN0K8RSl",0,0,28,1,0,0,FALSE,FALSE,FALSE,,,FALSE,ne,"Bhaktapur, Nepal","Former Member: House of Representative, Ex-Minister, Politburo Member of CPN UML.",https://maheshbasnet.com.np,https://maheshbasnet.com.np,14882,289,106,619,162,33,0,14882,,,FALSE,FALSE,https://pbs.twimg.com/profile_banners/4098393255/1666044578,https://www.twitter.com/MaMaheshBasnet,https://pbs.twimg.com/profile_images/1249403756153733120/r6Qjxl1v_normal.jpg,FALSE,FALSE,"11/2/2015, 10:17:26 PM","4/2/2022, 10:12:00 PM"
1.50098E+18,MaMaheshBasnet,Mahesh Basnet,Mahesh,Basnet,https://t.co/sdYzjxAaqE,0,0,9,0,0,0,FALSE,FALSE,FALSE,,,FALSE,zxx,"Bhaktapur, Nepal","Former Member: House of Representative, Ex-Minister, Politburo Member of CPN UML.",https://maheshbasnet.com.np,https://maheshbasnet.com.np,14882,289,106,619,162,33,0,14882,,,FALSE,FALSE,https://pbs.twimg.com/profile_banners/4098393255/1666044578,https://www.twitter.com/MaMaheshBasnet,https://pbs.twimg.com/profile_images/1249403756153733120/r6Qjxl1v_normal.jpg,FALSE,FALSE,"11/2/2015, 10:17:26 PM","3/8/2022, 5:07:39 AM"
1.48871E+18,MaMaheshBasnet,Mahesh Basnet,Mahesh,Basnet,"२८५८ औ सोनाम ल्होसारको अवसरमा देशबिदेशमा रहनु भएको सम्पुर्ण नेपाली आमाबुबा दाजुभाइ दिदिबहिनीहरुमा सुख ,शान्ति,समृद्धि सु-स्वास्थ, दीर्घयु तथा उत्तरउत्तर प्रगतिको हार्दिक मंगलमय शुभकामना ! https://t.co/uDCP3Gv8jJ",0,0,23,1,0,0,FALSE,FALSE,FALSE,,,FALSE,ne,"Bhaktapur, Nepal","Former Member: House of Representative, Ex-Minister, Politburo Member of CPN UML.",https://maheshbasnet.com.np,https://maheshbasnet.com.np,14882,289,106,619,162,33,0,14882,,,FALSE,FALSE,https://pbs.twimg.com/profile_banners/4098393255/1666044578,https://www.twitter.com/MaMaheshBasnet,https://pbs.twimg.com/profile_images/1249403756153733120/r6Qjxl1v_normal.jpg,FALSE,FALSE,"11/2/2015, 10:17:26 PM","2/2/2022, 8:57:01 AM"
1.48075E+18,MaMaheshBasnet,Mahesh Basnet,Mahesh,Basnet,भौगोलिक एकीकरण गरेर नेपाल र नेपालीको परिचय स्थापित गराउने राष्ट्रनिर्माता पृथ्वी नारायण शाहको ३००औं जन्मजयन्ती एवं राष्ट्रिय एकता दिवसको अवसरमा  सम्पूर्ण  नेपाली दिदीबहिनी तथा दाजुभाईहरुमा हार्दिक शुभकामना! https://t.co/GRzzTi2c1Y,0,0,144,6,11,0,FALSE,FALSE,FALSE,,,FALSE,ne,"Bhaktapur, Nepal","Former Member: House of Representative, Ex-Minister, Politburo Member of CPN UML.",https://maheshbasnet.com.np,https://maheshbasnet.com.np,14882,289,106,619,162,33,0,14882,,,FALSE,FALSE,https://pbs.twimg.com/profile_banners/4098393255/1666044578,https://www.twitter.com/MaMaheshBasnet,https://pbs.twimg.com/profile_images/1249403756153733120/r6Qjxl1v_normal.jpg,FALSE,FALSE,"11/2/2015, 10:17:26 PM","1/11/2022, 9:20:44 AM"
1.47151E+18,MaMaheshBasnet,Mahesh Basnet,Mahesh,Basnet,जकडिएको नेपालको राजनीति भित्र सकारात्मक हस्तक्षेप गर्दै युवा आन्दोलनले स्थापित गरेका नेताहरु @thapagk र @bishwaprakash77  नेपाली कांग्रेशको महामन्त्री निर्वाचित हुनु भएकोमा हार्दिक बधाई । https://t.co/V6c1BREkQH,0,0,114,8,1,0,FALSE,FALSE,FALSE,thapagk; bishwaprakash77,,FALSE,ne,"Bhaktapur, Nepal","Former Member: House of Representative, Ex-Minister, Politburo Member of CPN UML.",https://maheshbasnet.com.np,https://maheshbasnet.com.np,14882,289,106,619,162,33,0,14882,,,FALSE,FALSE,https://pbs.twimg.com/profile_banners/4098393255/1666044578,https://www.twitter.com/MaMaheshBasnet,https://pbs.twimg.com/profile_images/1249403756153733120/r6Qjxl1v_normal.jpg,FALSE,FALSE,"11/2/2015, 10:17:26 PM","12/16/2021, 9:29:18 PM"
1.46562E+18,MaMaheshBasnet,Mahesh Basnet,Mahesh,Basnet,नेकपा एमालेको चालु महाधिबेसनमा २२४ को बिरुद्ध १८४०को भारि मतले राजनेता कमरेड के पी शर्मा ओली अध्यक्षमा निर्बाचित हुनु भएकोमा हार्दिक बधाई | https://t.co/2aYiGKNvof,0,0,677,68,24,3,FALSE,FALSE,FALSE,,,FALSE,ne,"Bhaktapur, Nepal","Former Member: House of Representative, Ex-Minister, Politburo Member of CPN UML.",https://maheshbasnet.com.np,https://maheshbasnet.com.np,14882,289,106,619,162,33,0,14882,,,FALSE,FALSE,https://pbs.twimg.com/profile_banners/4098393255/1666044578,https://www.twitter.com/MaMaheshBasnet,https://pbs.twimg.com/profile_images/1249403756153733120/r6Qjxl1v_normal.jpg,FALSE,FALSE,"11/2/2015, 10:17:26 PM","11/30/2021, 3:51:59 PM"
1.4581E+18,MaMaheshBasnet,Mahesh Basnet,Mahesh,Basnet,हार्दिक शुभकामना । https://t.co/1spJgxLCnS,0,0,54,1,0,0,FALSE,FALSE,FALSE,,,FALSE,hi,"Bhaktapur, Nepal","Former Member: House of Representative, Ex-Minister, Politburo Member of CPN UML.",https://maheshbasnet.com.np,https://maheshbasnet.com.np,14882,289,106,619,162,33,0,14882,,,FALSE,FALSE,https://pbs.twimg.com/profile_banners/4098393255/1666044578,https://www.twitter.com/MaMaheshBasnet,https://pbs.twimg.com/profile_images/1249403756153733120/r6Qjxl1v_normal.jpg,FALSE,FALSE,"11/2/2015, 10:17:26 PM","11/9/2021, 9:45:43 PM"
1.45594E+18,MaMaheshBasnet,Mahesh Basnet,Mahesh,Basnet,"कांग्रेस कुनैबेला भक्तपुरको इतिहासमा थियो, भक्तपुर कांग्रेसलाई गुगलमा पढ्ने हो, भुगोलमा खोज्ने होईन । कांग्रेसले राजनीतिलाई सफा गर्छु र एमालेलाई बढार्छु भन्नु चोरको हातमा भण्डारको चावी दिनु जस्तै हो । नेकपा एमालेलाई बढार्छु भन्ने दिवासपना नदेखे हुन्छ ।",0,0,263,38,30,2,FALSE,FALSE,FALSE,,,FALSE,ne,"Bhaktapur, Nepal","Former Member: House of Representative, Ex-Minister, Politburo Member of CPN UML.",https://maheshbasnet.com.np,https://maheshbasnet.com.np,14882,289,106,619,162,33,0,14882,,,FALSE,FALSE,https://pbs.twimg.com/profile_banners/4098393255/1666044578,https://www.twitter.com/MaMaheshBasnet,https://pbs.twimg.com/profile_images/1249403756153733120/r6Qjxl1v_normal.jpg,FALSE,FALSE,"11/2/2015, 10:17:26 PM","11/3/2021, 10:27:09 PM"
1.45375E+18,MaMaheshBasnet,Mahesh Basnet,Mahesh,Basnet,"संवैधानिक इजलासमा संलग्न ५ श्रीमान् न्यायाधिशहरुले राजिनामा दिएर सहजिकरण गर्नु पर्छ ।
साथै हरि कृष्ण कार्की आयोगले उठाएका प्रश्नहरुको गम्भीर समिक्ष हुनुपर्छ । https://t.co/rmaPXsirEQ",0,0,32,2,1,0,FALSE,FALSE,FALSE,,,FALSE,ne,"Bhaktapur, Nepal","Former Member: House of Representative, Ex-Minister, Politburo Member of CPN UML.",https://maheshbasnet.com.np,https://maheshbasnet.com.np,14882,289,106,619,162,33,0,14882,,,FALSE,FALSE,https://pbs.twimg.com/profile_banners/4098393255/1666044578,https://www.twitter.com/MaMaheshBasnet,https://pbs.twimg.com/profile_images/1249403756153733120/r6Qjxl1v_normal.jpg,FALSE,FALSE,"11/2/2015, 10:17:26 PM","10/28/2021, 9:44:25 PM"
1.44924E+18,MaMaheshBasnet,Mahesh Basnet,Mahesh,Basnet,नेपाली सस्कृती र पर्व प्रति सम्मान प्रकट गर्दै नेपाली फुटबललाई नयाँ उचाईमा पुर्‍याएर खेल प्रेमी दर्शकहरुको अतुलनीय माया अनि सदभाब बटुल्न सफल प्रशिक्षक अल्मुताइरी प्रति हार्दिक सम्मान।सथै आज हुन लागेको साफ फुटबलको फाइनल खेलमा बिजय हासिल गर्नको लागी नेपाली टिमलाई अग्रीम शुभकामना । https://t.co/2jpNOUuVXS,0,0,208,4,10,1,FALSE,FALSE,FALSE,,,FALSE,ne,"Bhaktapur, Nepal","Former Member: House of Representative, Ex-Minister, Politburo Member of CPN UML.",https://maheshbasnet.com.np,https://maheshbasnet.com.np,14882,289,106,619,162,33,0,14882,,,FALSE,FALSE,https://pbs.twimg.com/profile_banners/4098393255/1666044578,https://www.twitter.com/MaMaheshBasnet,https://pbs.twimg.com/profile_images/1249403756153733120/r6Qjxl1v_normal.jpg,FALSE,FALSE,"11/2/2015, 10:17:26 PM","10/16/2021, 10:57:50 AM"
1.44509E+18,MaMaheshBasnet,Mahesh Basnet,Mahesh,Basnet,श्रीलन्का बिरुद्द ३-२ नतिजा निकाल्न सफल नेपालि राष्ट्रिय टाेलिलाई हार्दिक बधाई साथै Man of the match हुन सफल अन्जन बिष्टलाई पनि हार्दिक बधाई एबम् धन्यवाद। https://t.co/njtbSLB5f1,0,0,136,4,8,0,FALSE,FALSE,FALSE,,,FALSE,ne,"Bhaktapur, Nepal","Former Member: House of Representative, Ex-Minister, Politburo Member of CPN UML.",https://maheshbasnet.com.np,https://maheshbasnet.com.np,14882,289,106,619,162,33,0,14882,,,FALSE,FALSE,https://pbs.twimg.com/profile_banners/4098393255/1666044578,https://www.twitter.com/MaMaheshBasnet,https://pbs.twimg.com/profile_images/1249403756153733120/r6Qjxl1v_normal.jpg,FALSE,FALSE,"11/2/2015, 10:17:26 PM","10/4/2021, 11:43:06 PM"
1.42241E+18,MaMaheshBasnet,Mahesh Basnet,Mahesh,Basnet,नेपालि राष्ट्रिय टिमका पूर्व कप्तान पारस खड्काले अन्तर्राष्ट्रिय क्रिकेटबाट सन्यास लिने घोषणा गर्नु भएको छ । नेपाली क्रीकेटलाई दिनु भएको योग्दान देशले सधैं सम्झिने छ र आगामि दिनहरुमा पनि तपाईंको  भूमिकामा नेपाली क्रीकेटको लागि आवश्यक रहनेछ | https://t.co/wyAarU0qJR,0,0,244,3,16,0,FALSE,FALSE,FALSE,,,FALSE,ne,"Bhaktapur, Nepal","Former Member: House of Representative, Ex-Minister, Politburo Member of CPN UML.",https://maheshbasnet.com.np,https://maheshbasnet.com.np,14882,289,106,619,162,33,0,14882,,,FALSE,FALSE,https://pbs.twimg.com/profile_banners/4098393255/1666044578,https://www.twitter.com/MaMaheshBasnet,https://pbs.twimg.com/profile_images/1249403756153733120/r6Qjxl1v_normal.jpg,FALSE,FALSE,"11/2/2015, 10:17:26 PM","8/3/2021, 10:01:55 AM"
1.42139E+18,MaMaheshBasnet,Mahesh Basnet,Mahesh,Basnet,सबै मान्छेलाई केही न केही कुरामा गर्व हुन्छ। मलाई पनि मरो ७४ वर्षको पीताको युवा जोश र बिरतामा गौरव छ। https://t.co/v6BAQtmNrj,0,0,102,4,1,0,FALSE,FALSE,FALSE,,https://fb.watch/74NpDblgy7/,FALSE,ne,"Bhaktapur, Nepal","Former Member: House of Representative, Ex-Minister, Politburo Member of CPN UML.",https://maheshbasnet.com.np,https://maheshbasnet.com.np,14882,289,106,619,162,33,0,14882,,,FALSE,FALSE,https://pbs.twimg.com/profile_banners/4098393255/1666044578,https://www.twitter.com/MaMaheshBasnet,https://pbs.twimg.com/profile_images/1249403756153733120/r6Qjxl1v_normal.jpg,FALSE,FALSE,"11/2/2015, 10:17:26 PM","7/31/2021, 2:23:45 PM"
1.41788E+18,MaMaheshBasnet,Mahesh Basnet,Mahesh,Basnet,"मित्र किसान श्रेष्ठ संगको मेरो सम्बन्ध राजनैतिक सम्बन्ध हो,पौरानिकखालको श्रीमान श्रीमती जस्तो मृत्युमा सति जाने जस्तो सम्बन्ध होइन केही मिडिया किन रमाएका हुन् ?",0,0,670,62,45,11,FALSE,FALSE,FALSE,,,FALSE,ne,"Bhaktapur, Nepal","Former Member: House of Representative, Ex-Minister, Politburo Member of CPN UML.",https://maheshbasnet.com.np,https://maheshbasnet.com.np,14882,289,106,619,162,33,0,14882,,,FALSE,FALSE,https://pbs.twimg.com/profile_banners/4098393255/1666044578,https://www.twitter.com/MaMaheshBasnet,https://pbs.twimg.com/profile_images/1249403756153733120/r6Qjxl1v_normal.jpg,FALSE,FALSE,"11/2/2015, 10:17:26 PM","7/21/2021, 10:09:12 PM"
1.39975E+18,MaMaheshBasnet,Mahesh Basnet,Mahesh,Basnet,"आजै दिउँसो मेडसिटी अस्पताल गएर उहाँको जीवन संगिनीलाई भेटेर स्वस्थलाभको कामना गरेर फर्केको थिए। फर्केको केही बेरमै विवेकशील साझा पार्टीका संस्थापक अध्यक्ष तथा सामाजिक अभियान्ता उज्वल थापाको असामयिक निधन भएको खबर आयो जुन खबरले मर्माहत बनाएको छ ।
हार्दिक श्रद्वान्जली https://t.co/hpNjpAjRmY",0,0,57,7,2,0,FALSE,FALSE,FALSE,,,FALSE,ne,"Bhaktapur, Nepal","Former Member: House of Representative, Ex-Minister, Politburo Member of CPN UML.",https://maheshbasnet.com.np,https://maheshbasnet.com.np,14882,289,106,619,162,33,0,14882,,,FALSE,FALSE,https://pbs.twimg.com/profile_banners/4098393255/1666044578,https://www.twitter.com/MaMaheshBasnet,https://pbs.twimg.com/profile_images/1249403756153733120/r6Qjxl1v_normal.jpg,FALSE,FALSE,"11/2/2015, 10:17:26 PM","6/1/2021, 9:13:35 PM"
1.36854E+18,MaMaheshBasnet,Mahesh Basnet,Mahesh,Basnet,नेकपा( एमाले)को सांसदको हैसियतले सदनमा उपस्थित भइएको छ। https://t.co/bOQ44rV30H,0,0,1012,81,28,5,FALSE,FALSE,FALSE,,,FALSE,ne,"Bhaktapur, Nepal","Former Member: House of Representative, Ex-Minister, Politburo Member of CPN UML.",https://maheshbasnet.com.np,https://maheshbasnet.com.np,14882,289,106,619,162,33,0,14882,,,FALSE,FALSE,https://pbs.twimg.com/profile_banners/4098393255/1666044578,https://www.twitter.com/MaMaheshBasnet,https://pbs.twimg.com/profile_images/1249403756153733120/r6Qjxl1v_normal.jpg,FALSE,FALSE,"11/2/2015, 10:17:26 PM","3/7/2021, 5:57:30 PM"
1.32649E+18,MaMaheshBasnet,Mahesh Basnet,Mahesh,Basnet,पार्टिलाई समिकरण तिर होइन एकीकरण तिर लैजाउँ ।,0,0,196,26,17,4,FALSE,FALSE,FALSE,,,FALSE,ne,"Bhaktapur, Nepal","Former Member: House of Representative, Ex-Minister, Politburo Member of CPN UML.",https://maheshbasnet.com.np,https://maheshbasnet.com.np,14882,289,106,619,162,33,0,14882,,,FALSE,FALSE,https://pbs.twimg.com/profile_banners/4098393255/1666044578,https://www.twitter.com/MaMaheshBasnet,https://pbs.twimg.com/profile_images/1249403756153733120/r6Qjxl1v_normal.jpg,FALSE,FALSE,"11/2/2015, 10:17:26 PM","11/11/2020, 5:30:28 PM"
1.30265E+18,MaMaheshBasnet,Mahesh Basnet,Mahesh,Basnet,सूर्यविनायक नपाले घूम्ती स्वाब संकलन बूथ संचालन गरेको छ जोखिमयुक्त वडा र टोलको पहिचान गरी स्वास्थ्यकर्मी मार्फत् कन्ट्रयाक्ट ट्रेसिङ्ग गर्दै स्वाब संकलन अभियान सुरुगर्दै आईरहेकोमा आजबाट घूम्ती बुथपनि संचालनमा ल्याएको हो यसले स्वाब संकलन कार्यमाथप प्रभावकारी बन्ने अपेक्षा गरिएको छ https://t.co/xHtB5hARkk,0,0,185,11,30,2,FALSE,FALSE,FALSE,,,FALSE,ne,"Bhaktapur, Nepal","Former Member: House of Representative, Ex-Minister, Politburo Member of CPN UML.",https://maheshbasnet.com.np,https://maheshbasnet.com.np,14882,289,106,619,162,33,0,14882,,,FALSE,FALSE,https://pbs.twimg.com/profile_banners/4098393255/1666044578,https://www.twitter.com/MaMaheshBasnet,https://pbs.twimg.com/profile_images/1249403756153733120/r6Qjxl1v_normal.jpg,FALSE,FALSE,"11/2/2015, 10:17:26 PM","9/6/2020, 10:22:01 PM"
1.30175E+18,MaMaheshBasnet,Mahesh Basnet,Mahesh,Basnet,https://t.co/iO5OOyLxfC,0,0,15,0,0,0,FALSE,FALSE,FALSE,,https://www.facebook.com/MaMaheshBasnet/videos/2807651276003628/,FALSE,zxx,"Bhaktapur, Nepal","Former Member: House of Representative, Ex-Minister, Politburo Member of CPN UML.",https://maheshbasnet.com.np,https://maheshbasnet.com.np,14882,289,106,619,162,33,0,14882,,,FALSE,FALSE,https://pbs.twimg.com/profile_banners/4098393255/1666044578,https://www.twitter.com/MaMaheshBasnet,https://pbs.twimg.com/profile_images/1249403756153733120/r6Qjxl1v_normal.jpg,FALSE,FALSE,"11/2/2015, 10:17:26 PM","9/4/2020, 10:38:58 AM"
1.27182E+18,MaMaheshBasnet,Mahesh Basnet,Mahesh,Basnet,"कालापानी, लिपुलेक र लिम्पियाधुरा समेटेर जारी गरिएको नक्शालाई निशान छाप समाबेश गराउन गरिएको संबिधान संशोधनको पक्षमा मतदान गरियो,ऐतिहासिक क्षणमा सम्पुर्ण नेपाली जनतामा हार्दिक बधाई ज्ञापन गर्दछु,महत्वपुर्ण अबसरमा सहभागी हुने अबसर दिलाउने भक्तपुर बासी जनसमुदायमा आभार प्रकट गर्दछु। https://t.co/ur8AHYyYH5",0,0,239,11,22,1,FALSE,FALSE,FALSE,,,FALSE,ne,"Bhaktapur, Nepal","Former Member: House of Representative, Ex-Minister, Politburo Member of CPN UML.",https://maheshbasnet.com.np,https://maheshbasnet.com.np,14882,289,106,619,162,33,0,14882,,,FALSE,FALSE,https://pbs.twimg.com/profile_banners/4098393255/1666044578,https://www.twitter.com/MaMaheshBasnet,https://pbs.twimg.com/profile_images/1249403756153733120/r6Qjxl1v_normal.jpg,FALSE,FALSE,"11/2/2015, 10:17:26 PM","6/13/2020, 8:53:50 PM"
1.27173E+18,MaMaheshBasnet,Mahesh Basnet,Mahesh,Basnet,"निसान छापले जोड्दै छ देश,
उठाउदै छ राष्ट्रको स्वाभिमान ।
बधाई नेपाल सरकार, हामी सबै नेपाली जनता । https://t.co/4m8cFyWnZi",0,0,130,5,9,1,FALSE,FALSE,FALSE,,,FALSE,ne,"Bhaktapur, Nepal","Former Member: House of Representative, Ex-Minister, Politburo Member of CPN UML.",https://maheshbasnet.com.np,https://maheshbasnet.com.np,14882,289,106,619,162,33,0,14882,,,FALSE,FALSE,https://pbs.twimg.com/profile_banners/4098393255/1666044578,https://www.twitter.com/MaMaheshBasnet,https://pbs.twimg.com/profile_images/1249403756153733120/r6Qjxl1v_normal.jpg,FALSE,FALSE,"11/2/2015, 10:17:26 PM","6/13/2020, 2:49:27 PM"
1.26345E+18,MaMaheshBasnet,Mahesh Basnet,Mahesh,Basnet,"नेपाल त्यस्ताे देशहाे जाहाँ स्वतन्त्रता दिवश मनाईदाैन, हामि कसैकाे उपनिवेश न थियाै न रहनेछाैं ।भारतले याे कुरा राम्राे सँग बुजाेस् । साथै मा.मिनेद्र रिजालले भारतिय मिडियामा दिनुभऐकाे जवाफ प्रति पुर्ण समर्थन जनाउदछु ।राष्ट्रकाे सवालमा सबै नेपालि ऐक हाैं । https://t.co/E1sBdOjkp8 https://t.co/crjYbAMZxZ",0,0,70,2,5,3,FALSE,FALSE,FALSE,,https://twitter.com/MaMaheshBasnet/status/1263435218528145409/photo/1,FALSE,ne,"Bhaktapur, Nepal","Former Member: House of Representative, Ex-Minister, Politburo Member of CPN UML.",https://maheshbasnet.com.np,https://maheshbasnet.com.np,14882,289,106,619,162,33,0,14882,,,FALSE,FALSE,https://pbs.twimg.com/profile_banners/4098393255/1666044578,https://www.twitter.com/MaMaheshBasnet,https://pbs.twimg.com/profile_images/1249403756153733120/r6Qjxl1v_normal.jpg,FALSE,FALSE,"11/2/2015, 10:17:26 PM","5/21/2020, 6:28:42 PM"
1.2546E+18,MaMaheshBasnet,Mahesh Basnet,Mahesh,Basnet,"Sandarva | Janata Television हेरेर प्रतिक्रिया दिनुहाेला ।
https://t.co/xXLHF5PI5y",0,0,67,10,6,1,FALSE,FALSE,FALSE,,https://www.facebook.com/MaMaheshBasnet/videos/279711936381756/,FALSE,und,"Bhaktapur, Nepal","Former Member: House of Representative, Ex-Minister, Politburo Member of CPN UML.",https://maheshbasnet.com.np,https://maheshbasnet.com.np,14882,289,106,619,162,33,0,14882,,,FALSE,FALSE,https://pbs.twimg.com/profile_banners/4098393255/1666044578,https://www.twitter.com/MaMaheshBasnet,https://pbs.twimg.com/profile_images/1249403756153733120/r6Qjxl1v_normal.jpg,FALSE,FALSE,"11/2/2015, 10:17:26 PM","4/27/2020, 8:22:26 AM"
1.25325E+18,MaMaheshBasnet,Mahesh Basnet,Mahesh,Basnet,"बामुरामजिको आडमा बिश्वदिप अाराेप प्रमाणित गर्नुहाेस, हाेईन भने तपाँइलाई साईवर क्राईम किन नलगाउने ?
https://t.co/5V7lLJitao",0,0,265,125,33,16,FALSE,FALSE,FALSE,,https://www.facebook.com/216955618396108/posts/2935673583190951/?sfnsn=mo&d=n&vh=e,FALSE,ne,"Bhaktapur, Nepal","Former Member: House of Representative, Ex-Minister, Politburo Member of CPN UML.",https://maheshbasnet.com.np,https://maheshbasnet.com.np,14882,289,106,619,162,33,0,14882,,,FALSE,FALSE,https://pbs.twimg.com/profile_banners/4098393255/1666044578,https://www.twitter.com/MaMaheshBasnet,https://pbs.twimg.com/profile_images/1249403756153733120/r6Qjxl1v_normal.jpg,FALSE,FALSE,"11/2/2015, 10:17:26 PM","4/23/2020, 2:40:55 PM"
1.25294E+18,MaMaheshBasnet,Mahesh Basnet,Mahesh,Basnet,"कृषकहरू सम्म याे सुचना जानकारी गराउन सहयाेग गराै‌ ।
“Agri Product Marriage Bureau”(AMB) स्थापना तथा संचालन बारे https://t.co/HJiIqfBdMD",0,0,36,0,12,1,FALSE,FALSE,FALSE,,,FALSE,ne,"Bhaktapur, Nepal","Former Member: House of Representative, Ex-Minister, Politburo Member of CPN UML.",https://maheshbasnet.com.np,https://maheshbasnet.com.np,14882,289,106,619,162,33,0,14882,,,FALSE,FALSE,https://pbs.twimg.com/profile_banners/4098393255/1666044578,https://www.twitter.com/MaMaheshBasnet,https://pbs.twimg.com/profile_images/1249403756153733120/r6Qjxl1v_normal.jpg,FALSE,FALSE,"11/2/2015, 10:17:26 PM","4/22/2020, 6:44:00 PM"
1.25184E+18,MaMaheshBasnet,Mahesh Basnet,Mahesh,Basnet,"भक्तपुरको गठ्ठाघरदेखि जगातीसम्म निःशुल्क खाना ‘स्टेशन’, दैनिक सयौँलाई खाना खुवाइँदै Shared via @Ujyaalo https://t.co/qovV0dbR6P",0,0,19,1,2,1,FALSE,FALSE,FALSE,Ujyaalo,https://ujyaaloonline.com/story/35862/2020/4/19/free-meal-for-needy-and-poor-in-bhaktapur,FALSE,ne,"Bhaktapur, Nepal","Former Member: House of Representative, Ex-Minister, Politburo Member of CPN UML.",https://maheshbasnet.com.np,https://maheshbasnet.com.np,14882,289,106,619,162,33,0,14882,,,FALSE,FALSE,https://pbs.twimg.com/profile_banners/4098393255/1666044578,https://www.twitter.com/MaMaheshBasnet,https://pbs.twimg.com/profile_images/1249403756153733120/r6Qjxl1v_normal.jpg,FALSE,FALSE,"11/2/2015, 10:17:26 PM","4/19/2020, 5:48:01 PM"
1.25172E+18,MaMaheshBasnet,Mahesh Basnet,Mahesh,Basnet,"२०७७-०१-०७ आज बाट भक्तपुरका चार ठाउँमा खानाको ब्यबस्था सुरु भएको छ। थप जानकारीका लगी
https://t.co/jKvfRZ81lU",0,0,40,5,8,2,FALSE,FALSE,FALSE,,https://www.facebook.com/MaMaheshBasnet/posts/2925793687512274?__tn__=K-R,FALSE,ne,"Bhaktapur, Nepal","Former Member: House of Representative, Ex-Minister, Politburo Member of CPN UML.",https://maheshbasnet.com.np,https://maheshbasnet.com.np,14882,289,106,619,162,33,0,14882,,,FALSE,FALSE,https://pbs.twimg.com/profile_banners/4098393255/1666044578,https://www.twitter.com/MaMaheshBasnet,https://pbs.twimg.com/profile_images/1249403756153733120/r6Qjxl1v_normal.jpg,FALSE,FALSE,"11/2/2015, 10:17:26 PM","4/19/2020, 9:47:35 AM"
1.25172E+18,MaMaheshBasnet,Mahesh Basnet,Mahesh,Basnet,२०७७-०१-०७ गते बाट भक्तपुरका चार ठाउँमा खानाको ब्यबस्था सुरु भएको छ।https://t.co/jKvfRZ81lU,0,0,7,0,1,0,FALSE,FALSE,FALSE,,https://www.facebook.com/MaMaheshBasnet/posts/2925793687512274?__tn__=K-R,FALSE,ne,"Bhaktapur, Nepal","Former Member: House of Representative, Ex-Minister, Politburo Member of CPN UML.",https://maheshbasnet.com.np,https://maheshbasnet.com.np,14882,289,106,619,162,33,0,14882,,,FALSE,FALSE,https://pbs.twimg.com/profile_banners/4098393255/1666044578,https://www.twitter.com/MaMaheshBasnet,https://pbs.twimg.com/profile_images/1249403756153733120/r6Qjxl1v_normal.jpg,FALSE,FALSE,"11/2/2015, 10:17:26 PM","4/19/2020, 9:42:52 AM"
1.2494E+18,MaMaheshBasnet,Mahesh Basnet,Mahesh,Basnet,https://t.co/KimPo8S0Sz,0,0,24,6,0,1,FALSE,FALSE,FALSE,,,FALSE,zxx,"Bhaktapur, Nepal","Former Member: House of Representative, Ex-Minister, Politburo Member of CPN UML.",https://maheshbasnet.com.np,https://maheshbasnet.com.np,14882,289,106,619,162,33,0,14882,,,FALSE,FALSE,https://pbs.twimg.com/profile_banners/4098393255/1666044578,https://www.twitter.com/MaMaheshBasnet,https://pbs.twimg.com/profile_images/1249403756153733120/r6Qjxl1v_normal.jpg,FALSE,FALSE,"11/2/2015, 10:17:26 PM","4/13/2020, 12:12:56 AM"
1.24598E+18,MaMaheshBasnet,Mahesh Basnet,Mahesh,Basnet,"धमिलो पानीमा माछा मार्ने तत्व सलबलाइरहेका छन सचेत रहदैं बिश्व संकटको यो क्षेणमा सब एकजुट हौउ।
#Covid19 #StayHomeStaySafe",0,0,27,1,1,1,FALSE,FALSE,FALSE,,,FALSE,ne,"Bhaktapur, Nepal","Former Member: House of Representative, Ex-Minister, Politburo Member of CPN UML.",https://maheshbasnet.com.np,https://maheshbasnet.com.np,14882,289,106,619,162,33,0,14882,,,FALSE,FALSE,https://pbs.twimg.com/profile_banners/4098393255/1666044578,https://www.twitter.com/MaMaheshBasnet,https://pbs.twimg.com/profile_images/1249403756153733120/r6Qjxl1v_normal.jpg,FALSE,FALSE,"11/2/2015, 10:17:26 PM","4/3/2020, 1:32:59 PM"
1.23518E+18,MaMaheshBasnet,Mahesh Basnet,Mahesh,Basnet,प्रतीक्षाको घडी सकिएको छ। प्रधानमन्त्री ज्यूको मिर्गौला प्रत्यारोपणको शल्यक्रिया सफलतापुर्वक सम्पन्न भएको छ। हार्दिक बधाई छ !!,0,0,20,0,0,0,FALSE,FALSE,FALSE,,,FALSE,ne,"Bhaktapur, Nepal","Former Member: House of Representative, Ex-Minister, Politburo Member of CPN UML.",https://maheshbasnet.com.np,https://maheshbasnet.com.np,14882,289,106,619,162,33,0,14882,,,FALSE,FALSE,https://pbs.twimg.com/profile_banners/4098393255/1666044578,https://www.twitter.com/MaMaheshBasnet,https://pbs.twimg.com/profile_images/1249403756153733120/r6Qjxl1v_normal.jpg,FALSE,FALSE,"11/2/2015, 10:17:26 PM","3/4/2020, 6:03:43 PM"
1.21715E+18,MaMaheshBasnet,Mahesh Basnet,Mahesh,Basnet,माघे सक्रान्ति(घ्यःचाकु सल्हु) एवं माघी पर्वको उपलक्ष्यमा सम्पुर्ण नेपालीहरुमा हार्दिक मंगलमय शुभकामना व्यक्त गर्दछु !,0,0,14,0,0,0,FALSE,FALSE,FALSE,,,FALSE,ne,"Bhaktapur, Nepal","Former Member: House of Representative, Ex-Minister, Politburo Member of CPN UML.",https://maheshbasnet.com.np,https://maheshbasnet.com.np,14882,289,106,619,162,33,0,14882,,,FALSE,FALSE,https://pbs.twimg.com/profile_banners/4098393255/1666044578,https://www.twitter.com/MaMaheshBasnet,https://pbs.twimg.com/profile_images/1249403756153733120/r6Qjxl1v_normal.jpg,FALSE,FALSE,"11/2/2015, 10:17:26 PM","1/14/2020, 11:54:52 PM"
1.20442E+18,MaMaheshBasnet,Mahesh Basnet,Mahesh,Basnet,हार्दिक बधाई नेपाली खेलाडीहरुमा। यो जितसँगै नेपालले सागमा ५१ वटा स्वर्ण जितेको छ । सम्पुर्ण बिजेतामा हार्दिक बधाई । https://t.co/ovnbdlvTxQ,0,0,15,0,1,0,FALSE,FALSE,FALSE,,,FALSE,ne,"Bhaktapur, Nepal","Former Member: House of Representative, Ex-Minister, Politburo Member of CPN UML.",https://maheshbasnet.com.np,https://maheshbasnet.com.np,14882,289,106,619,162,33,0,14882,,,FALSE,FALSE,https://pbs.twimg.com/profile_banners/4098393255/1666044578,https://www.twitter.com/MaMaheshBasnet,https://pbs.twimg.com/profile_images/1249403756153733120/r6Qjxl1v_normal.jpg,FALSE,FALSE,"11/2/2015, 10:17:26 PM","12/10/2019, 8:55:40 PM"
1.1921E+18,MaMaheshBasnet,Mahesh Basnet,Mahesh,Basnet,https://t.co/713BU1tZms,0,0,23,0,4,0,FALSE,FALSE,FALSE,,,FALSE,zxx,"Bhaktapur, Nepal","Former Member: House of Representative, Ex-Minister, Politburo Member of CPN UML.",https://maheshbasnet.com.np,https://maheshbasnet.com.np,14882,289,106,619,162,33,0,14882,,,FALSE,FALSE,https://pbs.twimg.com/profile_banners/4098393255/1666044578,https://www.twitter.com/MaMaheshBasnet,https://pbs.twimg.com/profile_images/1249403756153733120/r6Qjxl1v_normal.jpg,FALSE,FALSE,"11/2/2015, 10:17:26 PM","11/6/2019, 9:12:32 PM"
1.19208E+18,MaMaheshBasnet,Mahesh Basnet,Mahesh,Basnet,नेपाली जनता काे स्वाभिमान कहीले झुक्ने छेैन भारत ले सीमा मिच्ने नेपाली जनता लाई दुख दिनेकाम तत्काल राेक्नु पर्छ अन्यथा नेपाली जनता काे धैर्यताकाे बाध टुट्याे भने परीणाम भाेग्न तयार भएर बसे हुन्छ । साथै दुबै तर्फबाट तत्काल समस्या समाधान गर्न अनुराेध गर्दछु ।,0,0,49,1,9,0,FALSE,FALSE,FALSE,,,FALSE,ne,"Bhaktapur, Nepal","Former Member: House of Representative, Ex-Minister, Politburo Member of CPN UML.",https://maheshbasnet.com.np,https://maheshbasnet.com.np,14882,289,106,619,162,33,0,14882,,,FALSE,FALSE,https://pbs.twimg.com/profile_banners/4098393255/1666044578,https://www.twitter.com/MaMaheshBasnet,https://pbs.twimg.com/profile_images/1249403756153733120/r6Qjxl1v_normal.jpg,FALSE,FALSE,"11/2/2015, 10:17:26 PM","11/6/2019, 7:58:19 PM"
1.1894E+18,MaMaheshBasnet,Mahesh Basnet,Mahesh,Basnet,"""उदेश्य के लिनु? उडि छुनु चन्द्र एक""
७ महिनामा १४ वटा ८०००+ मि का हिमाल अाराेहण गरी विश्व किर्तिमान राख्न सफल हुनुभएकाे मा हार्दिक बधाई निर्मल पुर्जा पुन (निम्स) । https://t.co/zVp3Ea9LBa",0,0,33,0,5,0,FALSE,FALSE,FALSE,,,FALSE,ne,"Bhaktapur, Nepal","Former Member: House of Representative, Ex-Minister, Politburo Member of CPN UML.",https://maheshbasnet.com.np,https://maheshbasnet.com.np,14882,289,106,619,162,33,0,14882,,,FALSE,FALSE,https://pbs.twimg.com/profile_banners/4098393255/1666044578,https://www.twitter.com/MaMaheshBasnet,https://pbs.twimg.com/profile_images/1249403756153733120/r6Qjxl1v_normal.jpg,FALSE,FALSE,"11/2/2015, 10:17:26 PM","10/30/2019, 10:22:04 AM"
1.18374E+18,MaMaheshBasnet,Mahesh Basnet,Mahesh,Basnet,"२०७६ असोज २९ गते, भृकुटीमन्डप,
 दिउसो १२ बजे https://t.co/NU8S9DgVr2",0,0,11,0,0,0,FALSE,FALSE,FALSE,,,FALSE,ne,"Bhaktapur, Nepal","Former Member: House of Representative, Ex-Minister, Politburo Member of CPN UML.",https://maheshbasnet.com.np,https://maheshbasnet.com.np,14882,289,106,619,162,33,0,14882,,,FALSE,FALSE,https://pbs.twimg.com/profile_banners/4098393255/1666044578,https://www.twitter.com/MaMaheshBasnet,https://pbs.twimg.com/profile_images/1249403756153733120/r6Qjxl1v_normal.jpg,FALSE,FALSE,"11/2/2015, 10:17:26 PM","10/14/2019, 7:14:21 PM"
1.16218E+18,MaMaheshBasnet,Mahesh Basnet,Mahesh,Basnet,श्रावण शुक्ल प्रतिपदाको दिन मनाइने यस पर्व भक्तपुरमा आठदिनसम्म चल्दछ । गाईजात्रालाई नेपाल भाषामा सापारु भनिन्छ । गाईलाई विधिवत रूपमा नगर परिक्रमा गराएमा दिवंगतआत्माहरू सजिलैसित स्वर्गलोकमा पुग्छन् भन्ने धार्मिक विश्वास छ । गाइजात्रा पर्व (सापारु)काे हार्दिक शुभकामना ।,0,0,2,0,0,0,FALSE,FALSE,FALSE,,,FALSE,ne,"Bhaktapur, Nepal","Former Member: House of Representative, Ex-Minister, Politburo Member of CPN UML.",https://maheshbasnet.com.np,https://maheshbasnet.com.np,14882,289,106,619,162,33,0,14882,,,FALSE,FALSE,https://pbs.twimg.com/profile_banners/4098393255/1666044578,https://www.twitter.com/MaMaheshBasnet,https://pbs.twimg.com/profile_images/1249403756153733120/r6Qjxl1v_normal.jpg,FALSE,FALSE,"11/2/2015, 10:17:26 PM","8/16/2019, 7:48:47 AM"
1.16188E+18,MaMaheshBasnet,Mahesh Basnet,Mahesh,Basnet,"प्रत्येक बर्ष साउन  शुक्ल पूर्णिमाका दिन मनाइने रक्षाबन्धन तथा जनैपुर्णिमाको अबसरमा सम्पुर्ण दाजुभाई तथा दिदिबहिनीहरुमा हार्दिक शुभकामना व्यक्त गर्दछु।
#janaipurnima #RakshaBandhan https://t.co/8DtpjZ3j2V",0,0,5,0,0,0,FALSE,FALSE,FALSE,,,FALSE,ne,"Bhaktapur, Nepal","Former Member: House of Representative, Ex-Minister, Politburo Member of CPN UML.",https://maheshbasnet.com.np,https://maheshbasnet.com.np,14882,289,106,619,162,33,0,14882,,,FALSE,FALSE,https://pbs.twimg.com/profile_banners/4098393255/1666044578,https://www.twitter.com/MaMaheshBasnet,https://pbs.twimg.com/profile_images/1249403756153733120/r6Qjxl1v_normal.jpg,FALSE,FALSE,"11/2/2015, 10:17:26 PM","8/15/2019, 11:41:00 AM"
1.16119E+18,MaMaheshBasnet,Mahesh Basnet,Mahesh,Basnet,"तपाईहरु आलोचनात्मक बन्नुस्, गल्ती कमजोरीहरु पत्ता लगाएर सुधार्नेतर्फ केन्द्रित हुनुस् ।स्थानीय विकास आफ्नै लागि हो, पाँच वर्ष पछाडि चप्पल पड्काउने कि ? जुत्ता टल्काउने ? त्यो तपाईको आफ्नै हातमा छ । https://t.co/A0F3KdlGrE",0,0,1,0,0,0,FALSE,FALSE,FALSE,,https://www.facebook.com/MaMaheshBasnet/videos/2775648559129729/,FALSE,ne,"Bhaktapur, Nepal","Former Member: House of Representative, Ex-Minister, Politburo Member of CPN UML.",https://maheshbasnet.com.np,https://maheshbasnet.com.np,14882,289,106,619,162,33,0,14882,,,FALSE,FALSE,https://pbs.twimg.com/profile_banners/4098393255/1666044578,https://www.twitter.com/MaMaheshBasnet,https://pbs.twimg.com/profile_images/1249403756153733120/r6Qjxl1v_normal.jpg,FALSE,FALSE,"11/2/2015, 10:17:26 PM","8/13/2019, 2:07:41 PM"
1.16084E+18,MaMaheshBasnet,Mahesh Basnet,Mahesh,Basnet,युवा भबिष्यका कर्णधार मात्र होइन वर्तमानका आशा पनि हुन् । अन्तराष्ट्रिय यवा दिवसको हार्दिक शुभकामना । https://t.co/pEZBK0kspv,0,0,1,0,0,0,FALSE,FALSE,FALSE,,,FALSE,ne,"Bhaktapur, Nepal","Former Member: House of Representative, Ex-Minister, Politburo Member of CPN UML.",https://maheshbasnet.com.np,https://maheshbasnet.com.np,14882,289,106,619,162,33,0,14882,,,FALSE,FALSE,https://pbs.twimg.com/profile_banners/4098393255/1666044578,https://www.twitter.com/MaMaheshBasnet,https://pbs.twimg.com/profile_images/1249403756153733120/r6Qjxl1v_normal.jpg,FALSE,FALSE,"11/2/2015, 10:17:26 PM","8/12/2019, 3:05:10 PM"
1.15913E+18,MaMaheshBasnet,Mahesh Basnet,Mahesh,Basnet,"खानेपानी तथा सरसफाइ विधेयक, २०७५ माथिको छलफल
https://t.co/LeMS91bPhg",0,0,3,0,0,0,FALSE,FALSE,FALSE,,https://www.facebook.com/MaMaheshBasnet/videos/2416024908488899/,FALSE,ne,"Bhaktapur, Nepal","Former Member: House of Representative, Ex-Minister, Politburo Member of CPN UML.",https://maheshbasnet.com.np,https://maheshbasnet.com.np,14882,289,106,619,162,33,0,14882,,,FALSE,FALSE,https://pbs.twimg.com/profile_banners/4098393255/1666044578,https://www.twitter.com/MaMaheshBasnet,https://pbs.twimg.com/profile_images/1249403756153733120/r6Qjxl1v_normal.jpg,FALSE,FALSE,"11/2/2015, 10:17:26 PM","8/7/2019, 9:41:25 PM"
1.15096E+18,MaMaheshBasnet,Mahesh Basnet,Mahesh,Basnet,"गुरु ब्रम्हा गुरुर्विष्णु गुरुर्देवो महेश्वरस् ।
गुरुःसाक्षात् परं ब्रह्म तस्मै श्रीगुरवे नमः ।।
अर्थात् गुरु ब्रह्मा, विष्णु र महेश्वर हुनुहुन्छ।
यस्ता साक्षात् पर ब्रह्म गुरुलाई हार्दिक नमन ।
अाज असार ३१: गुरु पुर्णिमा ।",0,0,6,0,0,0,FALSE,FALSE,FALSE,,,FALSE,ne,"Bhaktapur, Nepal","Former Member: House of Representative, Ex-Minister, Politburo Member of CPN UML.",https://maheshbasnet.com.np,https://maheshbasnet.com.np,14882,289,106,619,162,33,0,14882,,,FALSE,FALSE,https://pbs.twimg.com/profile_banners/4098393255/1666044578,https://www.twitter.com/MaMaheshBasnet,https://pbs.twimg.com/profile_images/1249403756153733120/r6Qjxl1v_normal.jpg,FALSE,FALSE,"11/2/2015, 10:17:26 PM","7/16/2019, 8:34:32 AM"
1.15012E+18,MaMaheshBasnet,Mahesh Basnet,Mahesh,Basnet,हनुमन्ते खोलाले मध्यपुर थीम र सूर्यबिनायक नगरपालिका डुवाएको क्षेत्रमा स्थलगत निरीक्षण https://t.co/5mEEnDi34x,0,0,4,1,0,0,FALSE,FALSE,FALSE,,http://maheshbasnet.com.np/%e0%a4%b9%e0%a4%a8%e0%a5%81%e0%a4%ae%e0%a4%a8%e0%a5%8d%e0%a4%a4%e0%a5%87-%e0%a4%96%e0%a5%8b%e0%a4%b2%e0%a4%be%e0%a4%b2%e0%a5%87-%e0%a4%ae%e0%a4%a7%e0%a5%8d%e0%a4%af%e0%a4%aa%e0%a5%81%e0%a4%b0/,FALSE,ne,"Bhaktapur, Nepal","Former Member: House of Representative, Ex-Minister, Politburo Member of CPN UML.",https://maheshbasnet.com.np,https://maheshbasnet.com.np,14882,289,106,619,162,33,0,14882,,,FALSE,FALSE,https://pbs.twimg.com/profile_banners/4098393255/1666044578,https://www.twitter.com/MaMaheshBasnet,https://pbs.twimg.com/profile_images/1249403756153733120/r6Qjxl1v_normal.jpg,FALSE,FALSE,"11/2/2015, 10:17:26 PM","7/14/2019, 12:35:29 AM"
1.14771E+18,MaMaheshBasnet,Mahesh Basnet,Mahesh,Basnet,समाजवाद उन्मूख हाम्रो समाज https://t.co/ZTunaLsT0e,0,0,3,2,0,0,FALSE,FALSE,FALSE,,http://maheshbasnet.com.np/%e0%a4%b8%e0%a4%ae%e0%a4%be%e0%a4%9c%e0%a4%b5%e0%a4%be%e0%a4%a6-%e0%a4%89%e0%a4%a8%e0%a5%8d%e0%a4%ae%e0%a5%82%e0%a4%96-%e0%a4%b9%e0%a4%be%e0%a4%ae%e0%a5%8d%e0%a4%b0%e0%a5%8b-%e0%a4%b8%e0%a4%ae/,FALSE,ne,"Bhaktapur, Nepal","Former Member: House of Representative, Ex-Minister, Politburo Member of CPN UML.",https://maheshbasnet.com.np,https://maheshbasnet.com.np,14882,289,106,619,162,33,0,14882,,,FALSE,FALSE,https://pbs.twimg.com/profile_banners/4098393255/1666044578,https://www.twitter.com/MaMaheshBasnet,https://pbs.twimg.com/profile_images/1249403756153733120/r6Qjxl1v_normal.jpg,FALSE,FALSE,"11/2/2015, 10:17:26 PM","7/7/2019, 9:35:54 AM"
1.14753E+18,MaMaheshBasnet,Mahesh Basnet,Mahesh,Basnet,"सुनपा १० चित्तापाेलमा,क्षेत्र विकास काेष(सांसद काेष),संघ,प्रदेश र नगरपालिकाकाे बजेट द्धारा संचालित आयाेजनाहरुकाे स्थलगत निरीक्षण https://t.co/0A49a8ho6X",0,0,3,0,0,0,FALSE,FALSE,FALSE,,http://maheshbasnet.com.np/%e0%a4%b8%e0%a5%81%e0%a4%a8%e0%a4%aa%e0%a4%be-%e0%a5%a7%e0%a5%a6-%e0%a4%9a%e0%a4%bf%e0%a4%a4%e0%a5%8d%e0%a4%a4%e0%a4%be%e0%a4%aa%e0%a4%be%e0%a5%87%e0%a4%b2%e0%a4%ae%e0%a4%be%e0%a4%95%e0%a5%8d/,FALSE,ne,"Bhaktapur, Nepal","Former Member: House of Representative, Ex-Minister, Politburo Member of CPN UML.",https://maheshbasnet.com.np,https://maheshbasnet.com.np,14882,289,106,619,162,33,0,14882,,,FALSE,FALSE,https://pbs.twimg.com/profile_banners/4098393255/1666044578,https://www.twitter.com/MaMaheshBasnet,https://pbs.twimg.com/profile_images/1249403756153733120/r6Qjxl1v_normal.jpg,FALSE,FALSE,"11/2/2015, 10:17:26 PM","7/6/2019, 9:21:37 PM"
1.14519E+18,MaMaheshBasnet,Mahesh Basnet,Mahesh,Basnet,"२०७६ असार १५ राष्ट्रिय धान दिवस, मुठी राेपी मुरि उव्जाउने महिना र दहि चिउरा खाने दिनकाे सबै नेपाली दिदीबहिनी तथा दाजुभाइहरुमा हार्दिक शुभकामना । https://t.co/oofe8tNoD5",0,0,7,1,0,0,FALSE,FALSE,FALSE,,,FALSE,ne,"Bhaktapur, Nepal","Former Member: House of Representative, Ex-Minister, Politburo Member of CPN UML.",https://maheshbasnet.com.np,https://maheshbasnet.com.np,14882,289,106,619,162,33,0,14882,,,FALSE,FALSE,https://pbs.twimg.com/profile_banners/4098393255/1666044578,https://www.twitter.com/MaMaheshBasnet,https://pbs.twimg.com/profile_images/1249403756153733120/r6Qjxl1v_normal.jpg,FALSE,FALSE,"11/2/2015, 10:17:26 PM","6/30/2019, 10:34:33 AM"
1.145E+18,MaMaheshBasnet,Mahesh Basnet,Mahesh,Basnet,सन्दर्भ असार १४ अर्थात राष्ट्रिय वृक्षारोपण दिवस https://t.co/Y0c2O6zjrD,0,0,38,2,5,0,FALSE,FALSE,FALSE,,,FALSE,mr,"Bhaktapur, Nepal","Former Member: House of Representative, Ex-Minister, Politburo Member of CPN UML.",https://maheshbasnet.com.np,https://maheshbasnet.com.np,14882,289,106,619,162,33,0,14882,,,FALSE,FALSE,https://pbs.twimg.com/profile_banners/4098393255/1666044578,https://www.twitter.com/MaMaheshBasnet,https://pbs.twimg.com/profile_images/1249403756153733120/r6Qjxl1v_normal.jpg,FALSE,FALSE,"11/2/2015, 10:17:26 PM","6/29/2019, 9:35:24 PM"
1.12341E+18,MaMaheshBasnet,Mahesh Basnet,Mahesh,Basnet,श्रमिक र श्रम क्षेत्रलाई सबैले सम्मान गरौ।१३० अाैं अन्तर्राष्ट्रिय श्रमिक दिवसको सबैमा हार्दिक शुभकामना ।,0,0,10,0,2,0,FALSE,FALSE,FALSE,,,FALSE,ne,"Bhaktapur, Nepal","Former Member: House of Representative, Ex-Minister, Politburo Member of CPN UML.",https://maheshbasnet.com.np,https://maheshbasnet.com.np,14882,289,106,619,162,33,0,14882,,,FALSE,FALSE,https://pbs.twimg.com/profile_banners/4098393255/1666044578,https://www.twitter.com/MaMaheshBasnet,https://pbs.twimg.com/profile_images/1249403756153733120/r6Qjxl1v_normal.jpg,FALSE,FALSE,"11/2/2015, 10:17:26 PM","5/1/2019, 7:57:44 AM"
1.11708E+18,MaMaheshBasnet,Mahesh Basnet,Mahesh,Basnet,https://t.co/D48XvC006b,0,0,13,0,0,0,FALSE,FALSE,FALSE,,,FALSE,zxx,"Bhaktapur, Nepal","Former Member: House of Representative, Ex-Minister, Politburo Member of CPN UML.",https://maheshbasnet.com.np,https://maheshbasnet.com.np,14882,289,106,619,162,33,0,14882,,,FALSE,FALSE,https://pbs.twimg.com/profile_banners/4098393255/1666044578,https://www.twitter.com/MaMaheshBasnet,https://pbs.twimg.com/profile_images/1249403756153733120/r6Qjxl1v_normal.jpg,FALSE,FALSE,"11/2/2015, 10:17:26 PM","4/13/2019, 9:02:20 PM"
1.11241E+18,MaMaheshBasnet,Mahesh Basnet,Mahesh,Basnet,"बारामा आज राति भएको प्राकृतिक बिपदमा परि मृत्यु भएका २५ जना प्रती हार्दिक श्रद्धाञ्जली, साथै घटनामा घाइतेहरुको शिघ्र स्वस्थ लाभको कामना गर्दछु।",0,0,7,1,1,0,FALSE,FALSE,FALSE,,,FALSE,ne,"Bhaktapur, Nepal","Former Member: House of Representative, Ex-Minister, Politburo Member of CPN UML.",https://maheshbasnet.com.np,https://maheshbasnet.com.np,14882,289,106,619,162,33,0,14882,,,FALSE,FALSE,https://pbs.twimg.com/profile_banners/4098393255/1666044578,https://www.twitter.com/MaMaheshBasnet,https://pbs.twimg.com/profile_images/1249403756153733120/r6Qjxl1v_normal.jpg,FALSE,FALSE,"11/2/2015, 10:17:26 PM","3/31/2019, 11:26:13 PM"
1.11051E+18,MaMaheshBasnet,Mahesh Basnet,Mahesh,Basnet,"अाफ्नै चित्र  हेर्दै, धन्यवाद राजिब भाई । https://t.co/0nmxisqpKy",0,0,16,0,1,0,FALSE,FALSE,FALSE,,,FALSE,ne,"Bhaktapur, Nepal","Former Member: House of Representative, Ex-Minister, Politburo Member of CPN UML.",https://maheshbasnet.com.np,https://maheshbasnet.com.np,14882,289,106,619,162,33,0,14882,,,FALSE,FALSE,https://pbs.twimg.com/profile_banners/4098393255/1666044578,https://www.twitter.com/MaMaheshBasnet,https://pbs.twimg.com/profile_images/1249403756153733120/r6Qjxl1v_normal.jpg,FALSE,FALSE,"11/2/2015, 10:17:26 PM","3/26/2019, 5:31:59 PM"
1.07742E+18,MaMaheshBasnet,Mahesh Basnet,Mahesh,Basnet,"क्रिसमस डेका अवसरमा क्रिस्चियन धर्मावलम्बी सम्पूर्ण नेपाली दिदीबहिनी दाजुभाइमा सुख, समृद्धि, सुस्वास्थ्य तथा दीर्घायूको शुभकामना |",0,0,10,0,1,0,FALSE,FALSE,FALSE,,,FALSE,ne,"Bhaktapur, Nepal","Former Member: House of Representative, Ex-Minister, Politburo Member of CPN UML.",https://maheshbasnet.com.np,https://maheshbasnet.com.np,14882,289,106,619,162,33,0,14882,,,FALSE,FALSE,https://pbs.twimg.com/profile_banners/4098393255/1666044578,https://www.twitter.com/MaMaheshBasnet,https://pbs.twimg.com/profile_images/1249403756153733120/r6Qjxl1v_normal.jpg,FALSE,FALSE,"11/2/2015, 10:17:26 PM","12/25/2018, 10:20:45 AM"
1.05908E+18,MaMaheshBasnet,Mahesh Basnet,Mahesh,Basnet,मानवअधिकारवादी तथा वरिष्ठ बामपन्थि राजनितिज्ञ पद्मरत्न तुलाधर प्रति हार्दिक श्रद्धाञ्जली तथा शोकाकुल परिवारजन प्रति गहिरो समवेदना ब्यक्त गर्दछु । https://t.co/zpQvUmsIzj,0,0,23,3,1,0,FALSE,FALSE,FALSE,,,FALSE,ne,"Bhaktapur, Nepal","Former Member: House of Representative, Ex-Minister, Politburo Member of CPN UML.",https://maheshbasnet.com.np,https://maheshbasnet.com.np,14882,289,106,619,162,33,0,14882,,,FALSE,FALSE,https://pbs.twimg.com/profile_banners/4098393255/1666044578,https://www.twitter.com/MaMaheshBasnet,https://pbs.twimg.com/profile_images/1249403756153733120/r6Qjxl1v_normal.jpg,FALSE,FALSE,"11/2/2015, 10:17:26 PM","11/4/2018, 7:36:32 PM"
